OTU_ID,Kingdom,Phylum,Class,Order,Family,Genus,Species
OTU1569,Fungi,,,,,,
OTU1568,Fungi,,,,,,
OTU1561,Fungi,Chytridiomycota,,,,,
OTU1560,Fungi,Ascomycota,Sordariomycetes,Sordariales,Lasiosphaeriaceae,Podospora,Podospora sp 
OTU1563,Fungi,,,,,,
OTU1562,Fungi,,,,,,
OTU1565,Fungi,Basidiomycota,Agaricomycetes,Agaricales,Pluteaceae,Pluteus,Pluteus longistriatus
OTU1564,Fungi,Ascomycota,Eurotiomycetes,,,,
OTU1567,Fungi,Ascomycota,Dothideomycetes,Pleosporales,,,
OTU1566,Fungi,Ascomycota,Sordariomycetes,Hypocreales,Nectriaceae,,
OTU927,Fungi,Ascomycota,Eurotiomycetes,Eurotiales,Aspergillaceae,Penicillium,
OTU926,Fungi,,,,,,
OTU664,Fungi,Ascomycota,Sordariomycetes,Sordariales,,,
OTU665,Fungi,Ascomycota,Sordariomycetes,Hypocreales,,,
OTU1189,Fungi,Ascomycota,,,,,
OTU1188,Fungi,Ascomycota,Leotiomycetes,Helotiales,Helotiaceae,Glarea,Glarea lozoyensis
OTU1187,Fungi,Basidiomycota,Agaricomycetes,Agaricales,Strophariaceae,Hypholoma,Hypholoma capnoides
OTU1186,Fungi,Ascomycota,Orbiliomycetes,Orbiliales,Orbiliaceae,,
OTU1185,Fungi,Ascomycota,,,,,
OTU1184,Fungi,,,,,,
OTU1183,Fungi,,,,,,
OTU1182,Fungi,Basidiomycota,Agaricomycetes,,,,
OTU1181,Fungi,Ascomycota,Sordariomycetes,Coniochaetales,Coniochaetaceae,Coniochaeta,Coniochaeta canina
OTU1180,Fungi,Basidiomycota,Tremellomycetes,Filobasidiales,Piskurozymaceae,Solicoccozyma,Solicoccozyma terrea
OTU1341,Fungi,,,,,,
OTU1340,Fungi,Basidiomycota,Agaricomycetes,Agaricales,Entolomataceae,Entoloma,Entoloma vindobonense
OTU1343,Fungi,Basidiomycota,Agaricomycetes,Agaricales,Psathyrellaceae,Coprinopsis,Coprinopsis romagnesiana
OTU1342,Fungi,Basidiomycota,Agaricomycetes,Agaricales,,,
OTU1345,Fungi,Ascomycota,Sordariomycetes,Sordariales,Chaetomiaceae,,
OTU1344,Fungi,Ascomycota,Eurotiomycetes,Eurotiales,Aspergillaceae,Phialosimplex,Phialosimplex chlamydosporus
OTU1347,Fungi,Ascomycota,,,,,
OTU669,Fungi,Ascomycota,Eurotiomycetes,Onygenales,,,
OTU1349,Fungi,,,,,,
OTU1348,Fungi,,,,,,
OTU929,Fungi,Ascomycota,Dothideomycetes,Pleosporales,,,
OTU146,Fungi,Ascomycota,,,,,
OTU1622,Fungi,,,,,,
OTU578,Fungi,,,,,,
OTU579,Fungi,Ascomycota,,,,,
OTU570,Fungi,Ascomycota,Sordariomycetes,Hypocreales,Hypocreaceae,,
OTU571,Fungi,Ascomycota,Orbiliomycetes,Orbiliales,,,
OTU572,Fungi,Basidiomycota,Agaricomycetes,Agaricales,Omphalotaceae,Omphalotus,Omphalotus illudens
OTU573,Fungi,Ascomycota,,,,,
OTU574,Fungi,,,,,,
OTU575,Fungi,Ascomycota,,,,,
OTU576,Fungi,Ascomycota,,,,,
OTU577,Fungi,Ascomycota,Leotiomycetes,Helotiales,,,
OTU750,Fungi,Basidiomycota,Agaricomycetes,Agaricales,Psathyrellaceae,Coprinopsis,
OTU751,Fungi,Ascomycota,Sordariomycetes,,,,
OTU752,Fungi,,,,,,
OTU753,Fungi,Ascomycota,,,,,
OTU978,Fungi,Ascomycota,,,,,
OTU979,Fungi,Chytridiomycota,Rhizophydiomycetes,Rhizophydiales,Incertae_sedis,Operculomyces,Operculomyces laminatus
OTU756,Fungi,Ascomycota,Eurotiomycetes,Chaetothyriales,Herpotrichiellaceae,Exophiala,Exophiala sp 
OTU757,Fungi,Basidiomycota,Tremellomycetes,Filobasidiales,Piskurozymaceae,Solicoccozyma,Solicoccozyma aeria
OTU206,Fungi,Chytridiomycota,Spizellomycetes,,,,
OTU207,Fungi,Ascomycota,Pezizomycetes,Pezizales,,,
OTU204,Fungi,Ascomycota,Leotiomycetes,Helotiales,,,
OTU977,Fungi,Basidiomycota,Agaricomycetes,Agaricales,Bolbitiaceae,Agrocybe,Agrocybe pusiola
OTU202,Fungi,Basidiomycota,Agaricomycetes,Agaricales,Psathyrellaceae,Coprinellus,
OTU203,Fungi,Ascomycota,Sordariomycetes,Sordariales,,,
OTU200,Fungi,Basidiomycota,Agaricomycetes,Agaricales,Bolbitiaceae,Conocybe,Conocybe siennophylla
OTU201,Fungi,Ascomycota,Dothideomycetes,Pleosporales,,,
OTU682,Fungi,Ascomycota,,,,,
OTU683,Fungi,Basidiomycota,Agaricomycetes,Agaricales,Bolbitiaceae,Conocybe,Conocybe anthracophila
OTU680,Fungi,,,,,,
OTU681,Fungi,Chytridiomycota,,,,,
OTU686,Fungi,Ascomycota,Eurotiomycetes,Onygenales,Incertae_sedis,Chrysosporium,Chrysosporium siglerae
OTU687,Fungi,Basidiomycota,Agaricomycetes,Agaricales,Bolbitiaceae,Conocybe,Conocybe lenticulospora
OTU684,Fungi,Basidiomycota,Agaricomycetes,Agaricales,,,
OTU685,Fungi,Ascomycota,Eurotiomycetes,Eurotiales,,,
OTU688,Fungi,Ascomycota,,,,,
OTU689,Fungi,,,,,,
OTU240,Fungi,Ascomycota,,,,,
OTU372,Fungi,Ascomycota,,,,,
OTU373,Fungi,Chytridiomycota,,,,,
OTU370,Fungi,Ascomycota,,,,,
OTU371,Fungi,Basidiomycota,Agaricomycetes,Agaricales,Psathyrellaceae,Psathyrella,
OTU376,Fungi,Cercozoa,,,,,
OTU377,Fungi,Basidiomycota,Agaricomycetes,Agaricales,Strophariaceae,Tubaria,Tubaria praestans
OTU374,Fungi,Ascomycota,Pezizomycetes,Pezizales,Pyronemataceae,Scutellinia,
OTU375,Fungi,,,,,,
OTU710,Fungi,Ascomycota,,,,,
OTU378,Fungi,Basidiomycota,Agaricomycetes,Agaricales,,,
OTU379,Fungi,Ascomycota,,,,,
OTU247,Fungi,Ascomycota,Pezizomycetes,Pezizales,Pezizaceae,,
OTU244,Fungi,Basidiomycota,Agaricomycetes,Agaricales,Psathyrellaceae,Coprinellus,Coprinellus plagioporus
OTU245,Fungi,Ascomycota,,,,,
OTU198,Fungi,Basidiomycota,Agaricomycetes,Thelephorales,Thelephoraceae,Tomentella,Tomentella sp 
OTU199,Fungi,Ascomycota,Sordariomycetes,Coniochaetales,,,
OTU196,Fungi,Basidiomycota,Agaricomycetes,Agaricales,Psathyrellaceae,Coprinopsis,Coprinopsis sp 
OTU197,Fungi,Chytridiomycota,Spizellomycetes,Spizellomycetales,Powellomycetaceae,Powellomyces,Powellomyces sp 
OTU194,Fungi,Ascomycota,Dothideomycetes,Pleosporales,Lentitheciaceae,Darksidea,Darksidea delta
OTU195,Fungi,Basidiomycota,Agaricomycetes,Agaricales,Physalacriaceae,Armillaria,Armillaria sp 
OTU192,Fungi,Ascomycota,Pezizomycetes,Pezizales,Pyronemataceae,Scutellinia,
OTU193,Fungi,Ascomycota,,,,,
OTU190,Fungi,Basidiomycota,Agaricomycetes,Agaricales,Tricholomataceae,,
OTU191,Fungi,Ascomycota,Sordariomycetes,Hypocreales,Hypocreaceae,Trichoderma,
OTU1408,Fungi,Chytridiomycota,Spizellomycetes,Spizellomycetales,Spizellomycetaceae,Spizellomyces,Spizellomyces dolichospermus
OTU1409,Fungi,Basidiomycota,Agaricomycetes,Agaricales,Agaricaceae,Tulostoma,Tulostoma sp 
OTU1402,Fungi,,,,,,
OTU1403,Fungi,Ascomycota,Eurotiomycetes,Chaetothyriales,Herpotrichiellaceae,Cladophialophora,Cladophialophora sp 
OTU1400,Fungi,Ascomycota,Sordariomycetes,Hypocreales,Incertae_sedis,Acremonium,Acremonium polychromum
OTU1401,Fungi,Basidiomycota,Agaricomycetes,,,,
OTU1406,Fungi,Ascomycota,Sordariomycetes,,,,
OTU1407,Fungi,Ascomycota,Eurotiomycetes,Onygenales,Onygenaceae,,
OTU1404,Fungi,Basidiomycota,Agaricomycetes,Polyporales,Fomitopsidaceae,,
OTU1405,Fungi,Basidiomycota,Agaricomycetes,Agaricales,Psathyrellaceae,Coprinopsis,Coprinopsis fluvialis
OTU996,Fungi,,,,,,
OTU997,Fungi,Ascomycota,Dothideomycetes,Pleosporales,Massarinaceae,Stagonospora,Stagonospora sp 
OTU994,Fungi,Basidiomycota,Agaricomycetes,Cantharellales,Ceratobasidiaceae,,
OTU995,Fungi,Ascomycota,Dothideomycetes,Pleosporales,Didymosphaeriaceae,Paraphaeosphaeria,
OTU992,Fungi,Basidiomycota,Agaricomycetes,Polyporales,Ganodermataceae,Perenniporia,Perenniporia ellipsospora
OTU993,Fungi,,,,,,
OTU990,Fungi,Ascomycota,Eurotiomycetes,Chaetothyriales,Herpotrichiellaceae,,
OTU991,Fungi,,,,,,
OTU998,Fungi,,,,,,
OTU999,Fungi,,,,,,
OTU1576,Fungi,Chytridiomycota,Rhizophydiomycetes,Rhizophydiales,Incertae_sedis,Operculomyces,Operculomyces laminatus
OTU1577,Fungi,,,,,,
OTU1574,Fungi,Ascomycota,,,,,
OTU1575,Fungi,,,,,,
OTU1572,Fungi,Basidiomycota,Agaricomycetes,Agaricales,Marasmiaceae,Marasmius,Marasmius oreades
OTU1573,Fungi,Ascomycota,Taphrinomycetes,Taphrinales,Taphrinaceae,Taphrina,Taphrina caerulescens
OTU1570,Fungi,,,,,,
OTU1571,Fungi,Ascomycota,Sordariomycetes,,,,
OTU1578,Fungi,Basidiomycota,Agaricomycetes,Cantharellales,Incertae_sedis,Sistotrema,Sistotrema sp 
OTU1579,Fungi,,,,,,
OTU758,Fungi,Basidiomycota,Agaricomycetes,Agaricales,,,
OTU1198,Fungi,Basidiomycota,Agaricomycetes,Agaricales,Strophariaceae,Galerina,Galerina hygrophila
OTU1199,Fungi,,,,,,
OTU1194,Fungi,Ascomycota,Sordariomycetes,Hypocreales,Hypocreaceae,Trichoderma,
OTU1195,Fungi,,,,,,
OTU1196,Fungi,Basidiomycota,,,,,
OTU1197,Fungi,,,,,,
OTU1190,Fungi,,,,,,
OTU1191,Fungi,Ascomycota,Dothideomycetes,Pleosporales,Didymosphaeriaceae,Paraphaeosphaeria,
OTU1192,Fungi,,,,,,
OTU1193,Fungi,,,,,,
OTU1358,Fungi,Ascomycota,,,,,
OTU1359,Fungi,,,,,,
OTU1356,Fungi,,,,,,
OTU1357,Fungi,,,,,,
OTU1354,Fungi,,,,,,
OTU1355,Fungi,Ascomycota,Sordariomycetes,Hypocreales,Stachybotryaceae,,
OTU1352,Fungi,,,,,,
OTU1353,Fungi,,,,,,
OTU1350,Fungi,Chytridiomycota,,,,,
OTU1351,Fungi,,,,,,
OTU567,Fungi,,,,,,
OTU566,Fungi,Basidiomycota,Agaricomycetes,Agaricales,Entolomataceae,Clitopilus,
OTU565,Fungi,Basidiomycota,Agaricomycetes,Agaricales,Agaricaceae,Agaricus,
OTU564,Fungi,Chytridiomycota,Spizellomycetes,Spizellomycetales,Spizellomycetaceae,Spizellomyces,Spizellomyces dolichospermus
OTU563,Fungi,Ascomycota,,,,,
OTU562,Fungi,Basidiomycota,Agaricomycetes,Agaricales,,,
OTU561,Fungi,Ascomycota,,,,,
OTU560,Fungi,Ascomycota,,,,,
OTU569,Fungi,Chytridiomycota,Rhizophlyctidomycetes,Rhizophlyctidales,Rhizophlyctidaceae,Rhizophlyctis,Rhizophlyctis rosea
OTU568,Fungi,Basidiomycota,Agaricomycetes,Agaricales,,,
OTU969,Fungi,,,,,,
OTU968,Fungi,Ascomycota,Sordariomycetes,Hypocreales,Cordycipitaceae,Lecanicillium,Lecanicillium sp 
OTU219,Fungi,,,,,,
OTU218,Fungi,Ascomycota,Pezizomycetes,Pezizales,Pezizaceae,Peziza,
OTU749,Fungi,Ascomycota,Orbiliomycetes,Orbiliales,Orbiliaceae,,
OTU748,Fungi,Basidiomycota,Agaricomycetes,Agaricales,Entolomataceae,Entoloma,
OTU963,Fungi,,,,,,
OTU962,Fungi,Ascomycota,,,,,
OTU961,Fungi,Chytridiomycota,Spizellomycetes,Spizellomycetales,Spizellomycetaceae,Spizellomyces,Spizellomyces plurigibbosus
OTU960,Fungi,,,,,,
OTU967,Fungi,Ascomycota,,,,,
OTU966,Fungi,Ascomycota,,,,,
OTU965,Fungi,Basidiomycota,Agaricomycetes,Agaricales,Bolbitiaceae,Conocybe,Conocybe siliginea
OTU212,Fungi,,,,,,
OTU691,Fungi,Basidiomycota,Agaricomycetes,,,,
OTU690,Fungi,Mortierellomycota,Mortierellomycetes,Mortierellales,Mortierellaceae,Mortierella,Mortierella sp 
OTU693,Fungi,Ascomycota,Sordariomycetes,Hypocreales,Hypocreaceae,Trichoderma,Trichoderma aerugineum
OTU692,Fungi,Ascomycota,,,,,
OTU695,Fungi,Chytridiomycota,,,,,
OTU694,Fungi,,,,,,
OTU697,Fungi,,,,,,
OTU696,Fungi,,,,,,
OTU699,Fungi,Kickxellomycota,,,,,
OTU698,Fungi,,,,,,
OTU361,Fungi,Chytridiomycota,,,,,
OTU360,Fungi,Ascomycota,,,,,
OTU363,Fungi,Ascomycota,Dothideomycetes,,,,
OTU362,Fungi,Ascomycota,Sordariomycetes,Coniochaetales,,,
OTU365,Fungi,Mortierellomycota,Mortierellomycetes,Mortierellales,Mortierellaceae,Mortierella,Mortierella alpina
OTU364,Fungi,Ascomycota,,,,,
OTU367,Fungi,Ascomycota,Dothideomycetes,Venturiales,Sympoventuriaceae,,
OTU366,Fungi,Ascomycota,,,,,
OTU369,Fungi,,,,,,
OTU368,Fungi,Chytridiomycota,Chytridiomycetes,Chytridiales,Chytridiaceae,,
OTU1693,Fungi,Ascomycota,Sordariomycetes,Sordariales,Sordariaceae,Neurospora,Neurospora terricola
OTU1692,Fungi,,,,,,
OTU1691,Fungi,Ascomycota,Eurotiomycetes,Eurotiales,Aspergillaceae,Penicillium,Penicillium raperi
OTU1690,Fungi,,,,,,
OTU220,Fungi,Ascomycota,Orbiliomycetes,Orbiliales,Orbiliaceae,Arthrobotrys,Arthrobotrys oligospora
OTU189,Fungi,Chytridiomycota,,,,,
OTU188,Fungi,Ascomycota,Orbiliomycetes,,,,
OTU221,Fungi,Ascomycota,,,,,
OTU185,Fungi,Ascomycota,Saccharomycetes,Saccharomycetales,,,
OTU184,Fungi,Ascomycota,Sordariomycetes,Coniochaetales,,,
OTU187,Fungi,Mortierellomycota,Mortierellomycetes,Mortierellales,Mortierellaceae,Mortierella,
OTU186,Fungi,Ascomycota,,,,,
OTU181,Fungi,Basidiomycota,Tremellomycetes,,,,
OTU180,Fungi,Ascomycota,Sordariomycetes,Hypocreales,Stachybotryaceae,,
OTU183,Fungi,Ascomycota,,,,,
OTU182,Fungi,Kickxellomycota,Kickxellomycetes,Kickxellales,Kickxellaceae,Ramicandelaber,
OTU223,Fungi,Basidiomycota,Agaricomycetes,Agaricales,Psathyrellaceae,Coprinellus,
OTU224,Fungi,Chytridiomycota,Rhizophlyctidomycetes,Rhizophlyctidales,Rhizophlyctidaceae,Rhizophlyctis,
OTU1346,Fungi,,,,,,
OTU225,Fungi,Basidiomycota,Agaricomycetes,Cantharellales,Ceratobasidiaceae,,
OTU226,Fungi,Ascomycota,Dothideomycetes,Pleosporales,,,
OTU227,Fungi,,,,,,
OTU985,Fungi,Basidiomycota,Agaricomycetes,Agaricales,Entolomataceae,Entoloma,Entoloma sp 
OTU984,Fungi,Basidiomycota,Agaricomycetes,Thelephorales,Thelephoraceae,,
OTU987,Fungi,Ascomycota,Sordariomycetes,Hypocreales,Stachybotryaceae,,
OTU986,Fungi,Ascomycota,,,,,
OTU981,Fungi,Basidiomycota,Agaricomycetes,Sebacinales,,,
OTU980,Fungi,Ascomycota,,,,,
OTU983,Fungi,Chytridiomycota,Spizellomycetes,Spizellomycetales,Spizellomycetaceae,Kochiomyces,Kochiomyces sp 
OTU982,Fungi,Basidiomycota,Agaricomycetes,Agaricales,Entolomataceae,Entoloma,
OTU989,Fungi,,,,,,
OTU988,Fungi,Basidiomycota,Agaricomycetes,Agaricales,Strophariaceae,Pholiota,Pholiota gummosa
OTU1503,Fungi,Mortierellomycota,Mortierellomycetes,Mortierellales,Mortierellaceae,Mortierella,Mortierella polygonia
OTU1502,Fungi,,,,,,
OTU1501,Fungi,Ascomycota,,,,,
OTU1500,Fungi,Basidiomycota,Agaricomycetes,Auriculariales,,,
OTU1507,Fungi,Basidiomycota,Agaricomycetes,Agaricales,Agaricaceae,Agaricus,
OTU1506,Fungi,Basidiomycota,Agaricomycetes,,,,
OTU1505,Fungi,,,,,,
OTU1504,Fungi,Ascomycota,,,,,
OTU1509,Fungi,,,,,,
OTU1508,Fungi,,,,,,
OTU1219,Fungi,Basidiomycota,Agaricomycetes,Agaricales,,,
OTU1218,Fungi,Ascomycota,Sordariomycetes,Hypocreales,,,
OTU1217,Fungi,,,,,,
OTU1216,Fungi,Basidiomycota,Agaricomycetes,Cantharellales,Ceratobasidiaceae,,
OTU1215,Fungi,Basidiomycota,Agaricomycetes,Agaricales,Lycoperdaceae,Bovista,Bovista promontorii
OTU1214,Fungi,,,,,,
OTU1213,Fungi,Ascomycota,Pezizomycetes,Pezizales,Pyronemataceae,,
OTU1212,Fungi,,,,,,
OTU1211,Fungi,Ascomycota,Orbiliomycetes,Orbiliales,Orbiliaceae,,
OTU1210,Fungi,Basidiomycota,Agaricomycetes,Agaricales,Psathyrellaceae,Psathyrella,Psathyrella arenosa
OTU1639,Fungi,Basidiomycota,Agaricomycetes,Russulales,,,
OTU1638,Fungi,Chytridiomycota,,,,,
OTU1329,Fungi,Ascomycota,,,,,
OTU1328,Fungi,Basidiomycota,Agaricomycetes,Agaricales,,,
OTU1323,Fungi,,,,,,
OTU1322,Fungi,Ascomycota,Dothideomycetes,Pleosporales,Pleosporaceae,Drechslera,Drechslera sp 
OTU1321,Fungi,Ascomycota,Leotiomycetes,Helotiales,Helotiaceae,Tetracladium,Tetracladium sp 
OTU1320,Fungi,,,,,,
OTU1327,Fungi,Ascomycota,,,,,
OTU1326,Fungi,,,,,,
OTU1325,Fungi,Ascomycota,Leotiomycetes,Helotiales,Myxotrichaceae,Oidiodendron,Oidiodendron cereale
OTU1324,Fungi,Ascomycota,Leotiomycetes,Helotiales,Helotiaceae,Tetracladium,Tetracladium sp 
OTU354,Fungi,Ascomycota,Sordariomycetes,Branch06,,,
OTU355,Fungi,Ascomycota,Eurotiomycetes,Eurotiales,Aspergillaceae,Penicillium,Penicillium oxalicum
OTU356,Fungi,Ascomycota,Eurotiomycetes,Chaetothyriales,Herpotrichiellaceae,Minimelanolocus,Minimelanolocus obscurus
OTU357,Fungi,,,,,,
OTU350,Fungi,Chytridiomycota,Spizellomycetes,Spizellomycetales,Powellomycetaceae,Powellomyces,Powellomyces sp 
OTU351,Fungi,Ascomycota,Eurotiomycetes,Eurotiales,Trichocomaceae,Talaromyces,Talaromyces atroroseus
OTU1037,Fungi,Basidiomycota,Agaricomycetes,Agaricales,Bolbitiaceae,Agrocybe,Agrocybe vervacti
OTU1036,Fungi,,,,,,
OTU1035,Fungi,Chytridiomycota,Spizellomycetes,Spizellomycetales,Spizellomycetaceae,,
OTU1034,Fungi,,,,,,
OTU1033,Fungi,,,,,,
OTU1032,Fungi,,,,,,
OTU1031,Fungi,,,,,,
OTU1030,Fungi,Ascomycota,Dothideomycetes,Dothideales,Selenophoma,Selenophoma,Selenophoma mahoniae
OTU353,Fungi,Basidiomycota,Agaricomycetes,Agaricales,Psathyrellaceae,Psathyrella,
OTU1039,Fungi,Ascomycota,Sordariomycetes,,,,
OTU1038,Fungi,Basidiomycota,Agaricomycetes,Agaricales,Psathyrellaceae,,
OTU1384,Fungi,Ascomycota,,,,,
OTU1382,Fungi,Ascomycota,Lecanoromycetes,Lecanorales,Lecanoraceae,Rhizoplaca,
OTU512,Fungi,Ascomycota,,,,,
OTU513,Fungi,,,,,,
OTU510,Fungi,Ascomycota,Dothideomycetes,Venturiales,Sympoventuriaceae,Ochroconis,Ochroconis tshawytschae
OTU511,Fungi,Ascomycota,Sordariomycetes,Coniochaetales,,,
OTU516,Fungi,Ascomycota,Sordariomycetes,Sordariales,Sordariaceae,,
OTU517,Fungi,Ascomycota,Sordariomycetes,,,,
OTU514,Fungi,Ascomycota,Orbiliomycetes,Orbiliales,Orbiliaceae,Duddingtonia,Duddingtonia flagrans
OTU515,Fungi,Ascomycota,Dothideomycetes,Incertae_sedis,Eremomycetaceae,,
OTU518,Fungi,Ascomycota,,,,,
OTU519,Fungi,Chytridiomycota,Chytridiomycetes,,,,
OTU228,Fungi,Ascomycota,Eurotiomycetes,Onygenales,Gymnoascaceae,Gymnoascus,Gymnoascus reessii
OTU229,Fungi,Basidiomycota,Agaricomycetes,Cantharellales,Ceratobasidiaceae,,
OTU738,Fungi,,,,,,
OTU739,Fungi,,,,,,
OTU1697,Fungi,,,,,,
OTU1696,Fungi,Basidiomycota,,,,,
OTU1695,Fungi,Ascomycota,,,,,
OTU1694,Fungi,Ascomycota,Sordariomycetes,Hypocreales,,,
OTU732,Fungi,,,,,,
OTU733,Fungi,Basidiomycota,Agaricomycetes,Agaricales,Lycoperdaceae,Bovista,Bovista plumbea
OTU730,Fungi,Ascomycota,Sordariomycetes,Xylariales,Apiosporaceae,,
OTU731,Fungi,Basidiomycota,Agaricomycetes,Agaricales,Psathyrellaceae,Psathyrella,Psathyrella calcarea
OTU736,Fungi,Chytridiomycota,Rhizophlyctidomycetes,Rhizophlyctidales,Rhizophlyctidaceae,Rhizophlyctis,Rhizophlyctis rosea
OTU737,Fungi,Ascomycota,Saccharomycetes,,,,
OTU734,Fungi,Ascomycota,Sordariomycetes,Hypocreales,Hypocreaceae,Trichoderma,
OTU735,Fungi,Ascomycota,Eurotiomycetes,Chaetothyriales,,,
OTU358,Fungi,Ascomycota,,,,,
OTU359,Fungi,,,,,,
OTU428,Fungi,Chytridiomycota,Spizellomycetes,Spizellomycetales,Spizellomycetaceae,Spizellomyces,Spizellomyces pseudodichotomus
OTU429,Fungi,Ascomycota,Dothideomycetes,Pleosporales,Leptosphaeriaceae,Leptosphaeria,Leptosphaeria sclerotioides
OTU426,Fungi,Basidiomycota,Agaricomycetes,Agaricales,Lycoperdaceae,Lycoperdon,Lycoperdon pyriforme
OTU427,Fungi,Ascomycota,Orbiliomycetes,Orbiliales,Orbiliaceae,,
OTU424,Fungi,Basidiomycota,Agaricomycetes,Polyporales,,,
OTU425,Fungi,Chytridiomycota,,,,,
OTU422,Fungi,Basidiomycota,Agaricomycetes,Agaricales,Typhulaceae,Typhula,
OTU423,Fungi,Chytridiomycota,Spizellomycetes,Spizellomycetales,Powellomycetaceae,Powellomyces,Powellomyces hirtus
OTU420,Fungi,Chytridiomycota,,,,,
OTU421,Fungi,Ascomycota,Eurotiomycetes,Eurotiales,Aspergillaceae,Aspergillus,Aspergillus clavatus
OTU646,Fungi,,,,,,
OTU647,Fungi,Ascomycota,Sordariomycetes,Coniochaetales,,,
OTU644,Fungi,Chytridiomycota,Spizellomycetes,Spizellomycetales,Powellomycetaceae,Powellomyces,Powellomyces sp 
OTU645,Fungi,Ascomycota,,,,,
OTU642,Fungi,Ascomycota,,,,,
OTU643,Fungi,Ascomycota,Orbiliomycetes,,,,
OTU640,Fungi,Ascomycota,,,,,
OTU641,Fungi,Ascomycota,Sordariomycetes,Sordariales,Chaetomiaceae,Myceliophthora,Myceliophthora sp 
OTU648,Fungi,,,,,,
OTU649,Fungi,Ascomycota,,,,,
OTU1510,Fungi,,,,,,
OTU1511,Fungi,,,,,,
OTU1512,Fungi,Ascomycota,Sordariomycetes,Hypocreales,Hypocreaceae,Trichoderma,Trichoderma aerugineum
OTU1513,Fungi,,,,,,
OTU1514,Fungi,,,,,,
OTU1515,Fungi,Basidiomycota,Tremellomycetes,Cystofilobasidiales,Cystofilobasidiaceae,Guehomyces,Guehomyces pullulans
OTU1516,Fungi,,,,,,
OTU1517,Fungi,Basidiomycota,Agaricomycetes,Agaricales,Bolbitiaceae,Conocybe,Conocybe brachypodii
OTU1518,Fungi,,,,,,
OTU1519,Fungi,Ascomycota,Eurotiomycetes,Eurotiales,Aspergillaceae,Penicillium,Penicillium raperi
OTU1208,Fungi,,,,,,
OTU1209,Fungi,Ascomycota,Eurotiomycetes,Eurotiales,Aspergillaceae,Penicillium,Penicillium dierckxii
OTU1204,Fungi,,,,,,
OTU1205,Fungi,,,,,,
OTU1206,Fungi,,,,,,
OTU1207,Fungi,,,,,,
OTU1200,Fungi,Basidiomycota,Agaricomycetes,Sebacinales,Serendipitaceae,,
OTU1201,Fungi,Ascomycota,,,,,
OTU1202,Fungi,Ascomycota,Eurotiomycetes,Onygenales,Gymnoascaceae,Kraurogymnocarpa,Kraurogymnocarpa trochleospora
OTU1203,Fungi,Basidiomycota,Agaricomycetes,Agaricales,Psathyrellaceae,Coprinellus,Coprinellus disseminatus
OTU1338,Fungi,Basidiomycota,Agaricomycetes,Agaricales,Hebelomataceae,,
OTU1339,Fungi,Ascomycota,Sordariomycetes,Hypocreales,Nectriaceae,Fusarium,
OTU1330,Fungi,Basidiomycota,Agaricomycetes,Agaricales,Cortinariaceae,Cortinarius,Cortinarius anomalus
OTU1331,Fungi,Chytridiomycota,,,,,
OTU1332,Fungi,Basidiomycota,Agaricomycetes,Agaricales,Marasmiaceae,Marasmius,
OTU1333,Fungi,Ascomycota,Leotiomycetes,Helotiales,Helotiaceae,Tetracladium,Tetracladium sp 
OTU1334,Fungi,,,,,,
OTU1335,Fungi,Basidiomycota,Agaricomycetes,Agaricales,Lycoperdaceae,Lycoperdon,Lycoperdon utriforme
OTU1336,Fungi,Ascomycota,Pezizomycetes,Pezizales,Pyronemataceae,Scutellinia,Scutellinia olivascens
OTU1337,Fungi,Ascomycota,Sordariomycetes,Hypocreales,Hypocreaceae,Trichoderma,Trichoderma floccosum
OTU1024,Fungi,Basidiomycota,,,,,
OTU1025,Fungi,Basidiomycota,Agaricomycetes,,,,
OTU1026,Fungi,Basidiomycota,Agaricomycetes,Agaricales,Entolomataceae,Clitopilus,
OTU1027,Fungi,,,,,,
OTU1020,Fungi,Basidiomycota,,,,,
OTU1021,Fungi,Ascomycota,,,,,
OTU1022,Fungi,Glomeromycota,Glomeromycetes,Glomerales,,,
OTU1023,Fungi,Chytridiomycota,,,,,
OTU1028,Fungi,Basidiomycota,Agaricomycetes,Agaricales,Tricholomataceae,,
OTU1029,Fungi,Ascomycota,Leotiomycetes,Helotiales,Helotiaceae,,
OTU29,Fungi,Entomophthoromycota,Basidiobolomycetes,Basidiobolales,Basidiobolaceae,Basidiobolus,
OTU28,Fungi,Basidiomycota,Agaricomycetes,Cantharellales,,,
OTU25,Fungi,Ascomycota,Pezizomycetes,Pezizales,Pezizaceae,,
OTU24,Fungi,Ascomycota,Dothideomycetes,Pleosporales,,,
OTU27,Fungi,Ascomycota,Pezizomycetes,Pezizales,,,
OTU26,Fungi,Mortierellomycota,Mortierellomycetes,Mortierellales,,,
OTU21,Fungi,Ascomycota,Sordariomycetes,Sordariales,Chaetomiaceae,Chaetomium,Chaetomium angustispirale
OTU20,Fungi,Basidiomycota,Agaricomycetes,Agaricales,Typhulaceae,Typhula,Typhula sp 
OTU23,Fungi,Basidiomycota,Agaricomycetes,Agaricales,Bolbitiaceae,Conocybe,Conocybe sp 
OTU22,Fungi,Basidiomycota,Agaricomycetes,Agaricales,Bolbitiaceae,Conocybe,Conocybe crispa
OTU501,Fungi,,,,,,
OTU500,Fungi,Ascomycota,Eurotiomycetes,Onygenales,,,
OTU503,Fungi,,,,,,
OTU502,Fungi,Ascomycota,Sordariomycetes,Sordariales,Sordariaceae,Neurospora,
OTU505,Fungi,Ascomycota,Eurotiomycetes,Onygenales,,,
OTU504,Fungi,Chytridiomycota,,,,,
OTU507,Fungi,,,,,,
OTU506,Fungi,,,,,,
OTU509,Fungi,,,,,,
OTU508,Fungi,Ascomycota,Pezizomycetes,Pezizales,Pezizaceae,Peziza,Peziza ostracoderma
OTU729,Fungi,Basidiomycota,Agaricomycetes,Trechisporales,,,
OTU728,Fungi,,,,,,
OTU1682,Fungi,Ascomycota,Lecanoromycetes,Lecanorales,Lecanoraceae,Rhizoplaca,
OTU1683,Fungi,Ascomycota,,,,,
OTU1684,Fungi,Ascomycota,Saccharomycetes,Saccharomycetales,,,
OTU1685,Fungi,Basidiomycota,Agaricomycetes,Agaricales,Entolomataceae,Entoloma,
OTU1686,Fungi,Basidiomycota,Agaricomycetes,Agaricales,Bolbitiaceae,Agrocybe,Agrocybe sp 
OTU1687,Fungi,Ascomycota,,,,,
OTU721,Fungi,Ascomycota,,,,,
OTU720,Fungi,Ascomycota,Pezizomycetes,,,,
OTU723,Fungi,Basidiomycota,Agaricomycetes,Agaricales,,,
OTU722,Fungi,,,,,,
OTU725,Fungi,Chytridiomycota,Rhizophlyctidomycetes,Rhizophlyctidales,Rhizophlyctidaceae,Rhizophlyctis,
OTU724,Fungi,,,,,,
OTU727,Fungi,,,,,,
OTU726,Fungi,Ascomycota,,,,,
OTU349,Fungi,Mortierellomycota,Mortierellomycetes,Mortierellales,Mortierellaceae,Mortierella,Mortierella alpina
OTU348,Fungi,Ascomycota,Eurotiomycetes,Eurotiales,Aspergillaceae,Aspergillus,Aspergillus wentii
OTU439,Fungi,Ascomycota,,,,,
OTU438,Fungi,Basidiomycota,Agaricomycetes,Agaricales,Inocybaceae,Inocybe,Inocybe exilis
OTU343,Fungi,Basidiomycota,Agaricomycetes,Agaricales,,,
OTU434,Fungi,Basidiomycota,Agaricomycetes,Cantharellales,Incertae_sedis,Sistotrema,Sistotrema sp 
OTU341,Fungi,Chytridiomycota,Chytridiomycetes,,,,
OTU340,Fungi,Basidiomycota,Agaricomycetes,Agaricales,Bolbitiaceae,Conocybe,Conocybe enderlei
OTU347,Fungi,Basidiomycota,,,,,
OTU346,Fungi,,,,,,
OTU345,Fungi,Basidiomycota,Agaricomycetes,Agaricales,Psathyrellaceae,Coprinopsis,Coprinopsis urticicola
OTU344,Fungi,Ascomycota,Eurotiomycetes,Chaetothyriales,Herpotrichiellaceae,Minimelanolocus,Minimelanolocus melanicus
OTU655,Fungi,Ascomycota,Sordariomycetes,Hypocreales,Hypocreaceae,Trichoderma,Trichoderma harzianum
OTU654,Fungi,Ascomycota,,,,,
OTU657,Fungi,Ascomycota,,,,,
OTU656,Fungi,Ascomycota,Sordariomycetes,Branch06,,,
OTU651,Fungi,Ascomycota,,,,,
OTU650,Fungi,Ascomycota,Sordariomycetes,Hypocreales,Hypocreaceae,Trichoderma,
OTU653,Fungi,Basidiomycota,Microbotryomycetes,Microbotryales,Microbotryaceae,Microbotryum,Microbotryum holostei
OTU652,Fungi,,,,,,
OTU659,Fungi,Ascomycota,,,,,
OTU658,Fungi,Basidiomycota,Agaricomycetes,Agaricales,Agaricaceae,Agaricus,
OTU237,Fungi,Ascomycota,Orbiliomycetes,Orbiliales,Incertae_sedis,Vermispora,Vermispora fusarina
OTU236,Fungi,Ascomycota,Sordariomycetes,Hypocreales,Cordycipitaceae,,
OTU235,Fungi,Ascomycota,,,,,
OTU234,Fungi,Ascomycota,Dothideomycetes,,,,
OTU233,Fungi,Ascomycota,Eurotiomycetes,Onygenales,Onygenaceae,Aphanoascus,Aphanoascus keratinophilus
OTU232,Fungi,Basidiomycota,Agaricomycetes,Agaricales,Psathyrellaceae,Coprinellus,Coprinellus disseminatus
OTU231,Fungi,Basidiomycota,Agaricomycetes,Agaricales,,,
OTU230,Fungi,Ascomycota,,,,,
OTU239,Fungi,Ascomycota,,,,,
OTU238,Fungi,Basidiomycota,Agaricomycetes,Russulales,Auriscalpiaceae,Lentinellus,Lentinellus subargillaceus
OTU1544,Fungi,Ascomycota,,,,,
OTU1529,Fungi,Ascomycota,,,,,
OTU1528,Fungi,Basidiomycota,Agaricomycetes,Agaricales,,,
OTU1525,Fungi,,,,,,
OTU754,Fungi,,,,,,
OTU1527,Fungi,Ascomycota,Lecanoromycetes,,,,
OTU1526,Fungi,Kickxellomycota,Kickxellomycetes,Kickxellales,Kickxellaceae,Ramicandelaber,
OTU1521,Fungi,Ascomycota,,,,,
OTU1520,Fungi,,,,,,
OTU1523,Fungi,Ascomycota,Leotiomycetes,Helotiales,,,
OTU755,Fungi,,,,,,
OTU208,Fungi,Mortierellomycota,Mortierellomycetes,Mortierellales,Mortierellaceae,Mortierella,Mortierella sp 
OTU209,Fungi,Ascomycota,Sordariomycetes,Coniochaetales,Coniochaetaceae,Coniochaeta,Coniochaeta sp 
OTU974,Fungi,Basidiomycota,Agaricomycetes,,,,
OTU975,Fungi,Basidiomycota,,,,,
OTU976,Fungi,Ascomycota,Leotiomycetes,Helotiales,Helotiaceae,Tetracladium,Tetracladium sp 
OTU205,Fungi,Chytridiomycota,Rhizophlyctidomycetes,Rhizophlyctidales,Rhizophlyctidaceae,Rhizophlyctis,
OTU970,Fungi,,,,,,
OTU971,Fungi,Ascomycota,Sordariomycetes,Hypocreales,Hypocreaceae,Trichoderma,
OTU972,Fungi,Ascomycota,,,,,
OTU973,Fungi,Basidiomycota,,,,,
OTU1239,Fungi,Ascomycota,,,,,
OTU1238,Fungi,Basidiomycota,Agaricomycetes,Agaricales,Psathyrellaceae,Coprinellus,Coprinellus micaceus
OTU1231,Fungi,,,,,,
OTU1230,Fungi,Basidiomycota,Agaricomycetes,Agaricales,Psathyrellaceae,Coprinopsis,
OTU1233,Fungi,Basidiomycota,Agaricomycetes,Cantharellales,Ceratobasidiaceae,,
OTU1232,Fungi,Ascomycota,,,,,
OTU1235,Fungi,Ascomycota,Sordariomycetes,Hypocreales,,,
OTU1234,Fungi,Mortierellomycota,Mortierellomycetes,Mortierellales,Mortierellaceae,Mortierella,Mortierella alpina
OTU1237,Fungi,,,,,,
OTU1236,Fungi,Ascomycota,,,,,
OTU352,Fungi,Chytridiomycota,Spizellomycetes,Spizellomycetales,Powellomycetaceae,Powellomyces,Powellomyces sp 
OTU1305,Fungi,Basidiomycota,Agaricomycetes,Thelephorales,Bankeraceae,Hydnellum,Hydnellum cyanopodium
OTU1304,Fungi,,,,,,
OTU1307,Fungi,Ascomycota,,,,,
OTU1306,Fungi,Basidiomycota,Agaricomycetes,Agaricales,Entolomataceae,,
OTU1301,Fungi,,,,,,
OTU1300,Fungi,,,,,,
OTU1303,Fungi,Basidiomycota,Agaricomycetes,Agaricales,Strophariaceae,Psilocybe,Psilocybe coprophila
OTU1302,Fungi,Ascomycota,Sordariomycetes,Sordariales,Lasiosphaeriaceae,,
OTU1309,Fungi,,,,,,
OTU1308,Fungi,Mortierellomycota,Mortierellomycetes,Mortierellales,Mortierellaceae,Mortierella,
OTU256,Fungi,Basidiomycota,Agaricomycetes,Agaricales,Psathyrellaceae,Coprinellus,Coprinellus deminutus
OTU1011,Fungi,Ascomycota,,,,,
OTU1010,Fungi,,,,,,
OTU1013,Fungi,Basidiomycota,Agaricomycetes,,,,
OTU1012,Fungi,Basidiomycota,Agaricomycetes,Agaricales,Psathyrellaceae,Psathyrella,
OTU1015,Fungi,,,,,,
OTU1014,Fungi,,,,,,
OTU1017,Fungi,,,,,,
OTU1016,Fungi,Ascomycota,,,,,
OTU1019,Fungi,,,,,,
OTU1018,Fungi,Ascomycota,,,,,
OTU38,Fungi,Basidiomycota,Agaricomycetes,Agaricales,Bolbitiaceae,Panaeolus,Panaeolus subfirmus
OTU39,Fungi,Ascomycota,Sordariomycetes,Hypocreales,Hypocreaceae,Trichoderma,Trichoderma evansii
OTU36,Fungi,Basidiomycota,Agaricomycetes,Agaricales,Bolbitiaceae,Conocybe,Conocybe deliquescens
OTU37,Fungi,Ascomycota,Dothideomycetes,Pleosporales,Sporormiaceae,Preussia,Preussia sp 
OTU34,Fungi,Chytridiomycota,Spizellomycetes,Spizellomycetales,Spizellomycetaceae,Spizellomyces,Spizellomyces dolichospermus
OTU35,Fungi,,,,,,
OTU32,Fungi,Ascomycota,Dothideomycetes,Pleosporales,Sporormiaceae,,
OTU33,Fungi,Ascomycota,Eurotiomycetes,Eurotiales,Trichocomaceae,Talaromyces,Talaromyces ucrainicus
OTU30,Fungi,Ascomycota,Dothideomycetes,Pleosporales,Pleosporaceae,Drechslera,Drechslera sp 
OTU31,Fungi,Basidiomycota,Agaricomycetes,Agaricales,Bolbitiaceae,Conocybe,
OTU538,Fungi,Ascomycota,Sordariomycetes,Sordariales,,,
OTU539,Fungi,Ascomycota,Saccharomycetes,Saccharomycetales,,,
OTU534,Fungi,Ascomycota,,,,,
OTU535,Fungi,Basidiomycota,Agaricomycetes,Agaricales,Bolbitiaceae,Conocybe,Conocybe nemoralis
OTU536,Fungi,Ascomycota,Sordariomycetes,Hypocreales,Hypocreaceae,Trichoderma,Trichoderma aerugineum
OTU537,Fungi,Ascomycota,Dothideomycetes,Pleosporales,,,
OTU530,Fungi,Ascomycota,,,,,
OTU531,Fungi,Ascomycota,Dothideomycetes,Pleosporales,,,
OTU532,Fungi,Ascomycota,Sordariomycetes,,,,
OTU533,Fungi,,,,,,
OTU408,Fungi,Ascomycota,Eurotiomycetes,Chaetothyriales,Herpotrichiellaceae,,
OTU409,Fungi,Basidiomycota,Agaricomycetes,Agaricales,Lycoperdaceae,Calvatia,Calvatia cyathiformis
OTU400,Fungi,Basidiomycota,Agaricomycetes,Agaricales,Bolbitiaceae,,
OTU401,Fungi,Ascomycota,Dothideomycetes,Pleosporales,,,
OTU402,Fungi,Basidiomycota,Agaricomycetes,Agaricales,Strophariaceae,Pholiota,Pholiota adiposa
OTU403,Fungi,Basidiomycota,Agaricomycetes,Agaricales,Tricholomataceae,Macrocystidia,Macrocystidia cucumis
OTU404,Fungi,Ascomycota,Eurotiomycetes,Chaetothyriales,Herpotrichiellaceae,,
OTU405,Fungi,Ascomycota,Pezizomycetes,Pezizales,Pyronemataceae,Scutellinia,Scutellinia olivascens
OTU406,Fungi,Kickxellomycota,Kickxellomycetes,Kickxellales,Kickxellaceae,Ramicandelaber,Ramicandelaber taiwanensis
OTU407,Fungi,Ascomycota,Orbiliomycetes,Orbiliales,Orbiliaceae,,
OTU660,Fungi,Mortierellomycota,Mortierellomycetes,Mortierellales,Mortierellaceae,Mortierella,Mortierella angusta
OTU661,Fungi,,,,,,
OTU662,Fungi,Basidiomycota,Agaricomycetes,Boletales,Incertae_sedis,Leucogyrophana,Leucogyrophana olivascens
OTU663,Fungi,Chytridiomycota,,,,,
OTU888,Fungi,,,,,,
OTU889,Fungi,Basidiomycota,Agaricomycetes,Agaricales,,,
OTU666,Fungi,Chytridiomycota,Rhizophlyctidomycetes,Rhizophlyctidales,Borealophlyctidaceae,Borealophlyctis,Borealophlyctis paxensis
OTU667,Fungi,Basidiomycota,Agaricomycetes,Thelephorales,Thelephoraceae,Amaurodon,
OTU884,Fungi,Basidiomycota,Agaricomycetes,Agaricales,Strophariaceae,,
OTU885,Fungi,,,,,,
OTU886,Fungi,Chytridiomycota,,,,,
OTU887,Fungi,Basidiomycota,Agaricomycetes,Agaricales,Psathyrellaceae,Parasola,
OTU880,Fungi,Ascomycota,,,,,
OTU881,Fungi,,,,,,
OTU882,Fungi,Ascomycota,,,,,
OTU883,Fungi,Basidiomycota,Agaricomycetes,Agaricales,Entolomataceae,Entoloma,Entoloma sp 
OTU390,Fungi,,,,,,
OTU391,Fungi,Basidiomycota,Agaricomycetes,Agaricales,Lycoperdaceae,Lycoperdon,Lycoperdon fuligineum
OTU392,Fungi,,,,,,
OTU393,Fungi,Kickxellomycota,Kickxellomycetes,Kickxellales,Kickxellaceae,Ramicandelaber,
OTU394,Fungi,,,,,,
OTU395,Fungi,Basidiomycota,Agaricomycetes,Cantharellales,Ceratobasidiaceae,,
OTU396,Fungi,Basidiomycota,Agaricomycetes,Agaricales,Bolbitiaceae,Panaeolus,Panaeolus papilionaceus
OTU397,Fungi,Ascomycota,,,,,
OTU398,Fungi,Basidiomycota,Agaricomycetes,Agaricales,Lycoperdaceae,Calvatia,
OTU399,Fungi,Glomeromycota,Glomeromycetes,Glomerales,,,
OTU242,Fungi,,,,,,
OTU243,Fungi,Ascomycota,Sordariomycetes,Coniochaetales,Coniochaetaceae,,
OTU716,Fungi,,,,,,
OTU241,Fungi,Chytridiomycota,Rhizophlyctidomycetes,Rhizophlyctidales,Rhizophlyctidaceae,Rhizophlyctis,Rhizophlyctis rosea
OTU246,Fungi,Basidiomycota,Agaricomycetes,Agaricales,Pluteaceae,Volvariella,
OTU711,Fungi,Ascomycota,Dothideomycetes,Tubeufiales,Tubeufiaceae,Tubeufia,Tubeufia helicomyces
OTU712,Fungi,Chytridiomycota,Chytridiomycetes,,,,
OTU713,Fungi,Ascomycota,Leotiomycetes,Erysiphales,Erysiphaceae,Blumeria,Blumeria graminis
OTU248,Fungi,Chytridiomycota,Rhizophlyctidomycetes,Rhizophlyctidales,Rhizophlyctidaceae,Rhizophlyctis,
OTU249,Fungi,Basidiomycota,Agaricomycetes,Corticiales,Corticiaceae,Laetisaria,Laetisaria arvalis
OTU718,Fungi,,,,,,
OTU719,Fungi,Ascomycota,,,,,
OTU1657,Fungi,Ascomycota,Eurotiomycetes,Chaetothyriales,Herpotrichiellaceae,Exophiala,Exophiala cancerae
OTU1656,Fungi,Ascomycota,Dothideomycetes,Pleosporales,Phaeosphaeriaceae,Ophiosphaerella,Ophiosphaerella sp 
OTU1655,Fungi,,,,,,
OTU1654,Fungi,Ascomycota,,,,,
OTU1653,Fungi,,,,,,
OTU1652,Fungi,,,,,,
OTU1651,Fungi,Ascomycota,Sordariomycetes,Hypocreales,Hypocreaceae,Trichoderma,Trichoderma harzianum
OTU1650,Fungi,Ascomycota,Sordariomycetes,Sordariales,Chaetomiaceae,Chaetomidium,Chaetomidium gallecicum
OTU1659,Fungi,,,,,,
OTU1658,Fungi,Basidiomycota,Agaricomycetes,Agaricales,Psathyrellaceae,Coprinellus,Coprinellus eurysporus
OTU1538,Fungi,Ascomycota,Eurotiomycetes,Chaetothyriales,Herpotrichiellaceae,Exophiala,Exophiala alcalophila
OTU1539,Fungi,Basidiomycota,Agaricomycetes,Agaricales,,,
OTU1532,Fungi,,,,,,
OTU1533,Fungi,Ascomycota,Pezizomycetes,Pezizales,Pyronemataceae,,
OTU1530,Fungi,,,,,,
OTU1531,Fungi,Basidiomycota,Agaricomycetes,Polyporales,Meruliaceae,Phanerochaete,Phanerochaete sp 
OTU1536,Fungi,,,,,,
OTU1537,Fungi,,,,,,
OTU1534,Fungi,,,,,,
OTU1535,Fungi,Glomeromycota,Glomeromycetes,Glomerales,,,
OTU866,Fungi,Ascomycota,,,,,
OTU867,Fungi,Ascomycota,,,,,
OTU864,Fungi,,,,,,
OTU865,Fungi,Ascomycota,Pezizomycetes,Pezizales,Pyronemataceae,,
OTU862,Fungi,Chytridiomycota,Rhizophlyctidomycetes,Rhizophlyctidales,Rhizophlyctidaceae,Rhizophlyctis,Rhizophlyctis rosea
OTU863,Fungi,Basidiomycota,Agaricomycetes,Agaricales,Strophariaceae,Pholiota,Pholiota brunnescens
OTU860,Fungi,,,,,,
OTU861,Fungi,Basidiomycota,Agaricomycetes,Agaricales,Tricholomataceae,Macrocystidia,Macrocystidia cucumis
OTU868,Fungi,,,,,,
OTU869,Fungi,Ascomycota,,,,,
OTU1226,Fungi,Mortierellomycota,Mortierellomycetes,Mortierellales,Mortierellaceae,Mortierella,Mortierella antarctica
OTU1227,Fungi,Chytridiomycota,Chytridiomycetes,Chytridiales,Chytridiaceae,,
OTU1224,Fungi,Ascomycota,Eurotiomycetes,Onygenales,Gymnoascaceae,,
OTU1225,Fungi,Basidiomycota,Agaricomycetes,Agaricales,Pluteaceae,Pluteus,
OTU1222,Fungi,Ascomycota,Lecanoromycetes,,,,
OTU1223,Fungi,Ascomycota,Leotiomycetes,Helotiales,,,
OTU1220,Fungi,Ascomycota,Dothideomycetes,Pleosporales,Phaeosphaeriaceae,Phaeosphaeria,Phaeosphaeria juncicola
OTU1221,Fungi,,,,,,
OTU1228,Fungi,Basidiomycota,Agaricomycetes,Agaricales,Crepidotaceae,Crepidotus,Crepidotus applanatus
OTU1229,Fungi,Ascomycota,Sordariomycetes,Coniochaetales,Coniochaetaceae,,
OTU1312,Fungi,Basidiomycota,,,,,
OTU1313,Fungi,Ascomycota,Sordariomycetes,Hypocreales,Nectriaceae,Fusarium,Fusarium solani
OTU1310,Fungi,Glomeromycota,Glomeromycetes,Glomerales,Glomeraceae,,
OTU1311,Fungi,Ascomycota,,,,,
OTU1316,Fungi,Ascomycota,,,,,
OTU1317,Fungi,Ascomycota,,,,,
OTU1314,Fungi,,,,,,
OTU1315,Fungi,Ascomycota,,,,,
OTU1318,Fungi,,,,,,
OTU1319,Fungi,Ascomycota,Sordariomycetes,,,,
OTU1008,Fungi,,,,,,
OTU1009,Fungi,Ascomycota,Orbiliomycetes,Orbiliales,Orbiliaceae,,
OTU1006,Fungi,Ascomycota,,,,,
OTU1007,Fungi,Chytridiomycota,,,,,
OTU1004,Fungi,Basidiomycota,Ustilaginomycetes,Ustilaginales,Ustilaginaceae,Ustilago,Ustilago maydis
OTU1005,Fungi,Basidiomycota,Agaricomycetes,Agaricales,Entolomataceae,Clitopilus,
OTU1002,Fungi,Chytridiomycota,Chytridiomycetes,Chytridiales,Chytridiaceae,,
OTU1003,Fungi,Ascomycota,Sordariomycetes,Sordariales,Chaetomiaceae,,
OTU1000,Fungi,Ascomycota,Sordariomycetes,Sordariales,Incertae_sedis,Remersonia,Remersonia thermophila
OTU1001,Fungi,Ascomycota,Sordariomycetes,Sordariales,Chaetomiaceae,,
OTU529,Fungi,Ascomycota,Orbiliomycetes,Orbiliales,Orbiliaceae,Arthrobotrys,Arthrobotrys musiformis
OTU528,Fungi,Ascomycota,,,,,
OTU523,Fungi,Ascomycota,Eurotiomycetes,Onygenales,Incertae_sedis,Spiromastix,Spiromastix sp 
OTU522,Fungi,Ascomycota,Saccharomycetes,Saccharomycetales,,,
OTU521,Fungi,,,,,,
OTU520,Fungi,Basidiomycota,Agaricomycetes,Agaricales,Strophariaceae,Tubaria,Tubaria furfuracea
OTU527,Fungi,Ascomycota,Sordariomycetes,,,,
OTU526,Fungi,Chytridiomycota,,,,,
OTU525,Fungi,,,,,,
OTU524,Fungi,Ascomycota,,,,,
OTU417,Fungi,,,,,,
OTU416,Fungi,Mucoromycota,Endogonomycetes,Endogonales,,,
OTU415,Fungi,Chytridiomycota,Rhizophlyctidomycetes,Rhizophlyctidales,Rhizophlyctidaceae,Rhizophlyctis,Rhizophlyctis rosea
OTU414,Fungi,Basidiomycota,Geminibasidiomycetes,Geminibasidiales,Geminibasidiaceae,Geminibasidium,
OTU413,Fungi,Basidiomycota,Agaricomycetes,Agaricales,Pluteaceae,Pluteus,
OTU412,Fungi,Basidiomycota,Agaricomycetes,Agaricales,Psathyrellaceae,Psathyrella,Psathyrella globosivelata
OTU411,Fungi,,,,,,
OTU410,Fungi,Ascomycota,Saccharomycetes,Saccharomycetales,Saccharomycetaceae,Torulaspora,Torulaspora delbrueckii
OTU419,Fungi,Basidiomycota,Agaricomycetes,Agaricales,,,
OTU418,Fungi,Chytridiomycota,,,,,
OTU899,Fungi,Ascomycota,,,,,
OTU898,Fungi,Ascomycota,Leotiomycetes,,,,
OTU679,Fungi,Chytridiomycota,,,,,
OTU678,Fungi,Basidiomycota,Agaricomycetes,Agaricales,Strophariaceae,Hypholoma,Hypholoma lateritium
OTU677,Fungi,,,,,,
OTU892,Fungi,Ascomycota,Dothideomycetes,Tubeufiales,Tubeufiaceae,,
OTU891,Fungi,Ascomycota,Sordariomycetes,Hypocreales,Ophiocordycipitaceae,Haptocillium,Haptocillium zeosporum
OTU890,Fungi,Ascomycota,,,,,
OTU897,Fungi,Ascomycota,,,,,
OTU896,Fungi,Ascomycota,Eurotiomycetes,Chaetothyriales,,,
OTU895,Fungi,Ascomycota,,,,,
OTU894,Fungi,Basidiomycota,Agaricomycetes,Agaricales,Entolomataceae,Entoloma,
OTU389,Fungi,Ascomycota,Eurotiomycetes,Eurotiales,Aspergillaceae,Aspergillus,Aspergillus piperis
OTU388,Fungi,,,,,,
OTU387,Fungi,,,,,,
OTU386,Fungi,Ascomycota,,,,,
OTU385,Fungi,Ascomycota,,,,,
OTU384,Fungi,,,,,,
OTU383,Fungi,Ascomycota,,,,,
OTU382,Fungi,Chytridiomycota,Rhizophlyctidomycetes,Rhizophlyctidales,Rhizophlyctidaceae,Rhizophlyctis,Rhizophlyctis rosea
OTU381,Fungi,Ascomycota,Dothideomycetes,Pleosporales,Phaeosphaeriaceae,Chaetosphaeronema,Chaetosphaeronema sp 
OTU380,Fungi,Ascomycota,Eurotiomycetes,,,,
OTU251,Fungi,Basidiomycota,Agaricomycetes,Trechisporales,Hydnodontaceae,,
OTU702,Fungi,,,,,,
OTU253,Fungi,,,,,,
OTU252,Fungi,Ascomycota,,,,,
OTU255,Fungi,Basidiomycota,Agaricomycetes,Agaricales,Agaricaceae,Melanophyllum,Melanophyllum haematospermum
OTU706,Fungi,Ascomycota,Eurotiomycetes,Onygenales,Gymnoascaceae,,
OTU257,Fungi,,,,,,
OTU704,Fungi,Ascomycota,Pezizomycetes,Pezizales,Pezizaceae,Peziza,Peziza buxea
OTU259,Fungi,Basidiomycota,,,,,
OTU258,Fungi,Basidiomycota,,,,,
OTU709,Fungi,,,,,,
OTU708,Fungi,Chytridiomycota,,,,,
OTU1644,Fungi,Ascomycota,Leotiomycetes,Helotiales,Myxotrichaceae,Oidiodendron,Oidiodendron truncatum
OTU1645,Fungi,,,,,,
OTU1646,Fungi,,,,,,
OTU1647,Fungi,Ascomycota,Eurotiomycetes,Eurotiales,Aspergillaceae,Aspergillus,
OTU1640,Fungi,Basidiomycota,Agaricomycetes,Agaricales,Agaricaceae,Tulostoma,Tulostoma sp 
OTU1641,Fungi,Ascomycota,Sordariomycetes,Hypocreales,,,
OTU1642,Fungi,Ascomycota,,,,,
OTU1643,Fungi,Ascomycota,Leotiomycetes,Helotiales,,,
OTU1648,Fungi,Ascomycota,,,,,
OTU1649,Fungi,Basidiomycota,Agaricomycetes,Agaricales,Lycoperdaceae,Holocotylon,Holocotylon brandegeeanum
OTU875,Fungi,Ascomycota,Eurotiomycetes,Onygenales,,,
OTU874,Fungi,Ascomycota,,,,,
OTU877,Fungi,Chytridiomycota,,,,,
OTU876,Fungi,Basidiomycota,Agaricomycetes,Agaricales,,,
OTU871,Fungi,,,,,,
OTU870,Fungi,Ascomycota,,,,,
OTU873,Fungi,Basidiomycota,Agaricomycetes,Agaricales,,,
OTU872,Fungi,Ascomycota,,,,,
OTU879,Fungi,Basidiomycota,Agaricomycetes,,,,
OTU878,Fungi,,,,,,
OTU1253,Fungi,Basidiomycota,Agaricomycetes,Agaricales,Agaricaceae,Agaricus,
OTU1252,Fungi,,,,,,
OTU1251,Fungi,,,,,,
OTU1250,Fungi,,,,,,
OTU1257,Fungi,,,,,,
OTU1256,Fungi,Ascomycota,Eurotiomycetes,Onygenales,,,
OTU1255,Fungi,Ascomycota,,,,,
OTU1254,Fungi,Basidiomycota,Agaricomycetes,Agaricales,,,
OTU1259,Fungi,Basidiomycota,Agaricomycetes,Agaricales,Tricholomataceae,Lepista,Lepista nuda
OTU1258,Fungi,Ascomycota,,,,,
OTU1495,Fungi,,,,,,
OTU1494,Fungi,Ascomycota,Dothideomycetes,Pleosporales,Pleosporaceae,Drechslera,Drechslera sp 
OTU1497,Fungi,Basidiomycota,Agaricomycetes,Agaricales,,,
OTU1496,Fungi,Basidiomycota,Agaricomycetes,Agaricales,Strophariaceae,Stropharia,Stropharia rugosoannulata
OTU1491,Fungi,Ascomycota,,,,,
OTU1490,Fungi,Basidiomycota,Agaricomycetes,Agaricales,Agaricaceae,Tulostoma,Tulostoma fimbriatum
OTU1493,Fungi,,,,,,
OTU1492,Fungi,Ascomycota,Pezizomycetes,Pezizales,Tuberaceae,Tuber,Tuber pseudoexcavatum
OTU1499,Fungi,Basidiomycota,Agaricomycetes,Agaricales,Typhulaceae,Typhula,Typhula sp 
OTU1498,Fungi,,,,,,
OTU776,Fungi,,,,,,
OTU953,Fungi,Basidiomycota,Agaricomycetes,Auriculariales,,,
OTU774,Fungi,Basidiomycota,Agaricomycetes,Agaricales,Hydnangiaceae,Laccaria,Laccaria oblongospora
OTU775,Fungi,Ascomycota,,,,,
OTU956,Fungi,Ascomycota,Saccharomycetes,Saccharomycetales,Incertae_sedis,Candida,Candida glaebosa
OTU957,Fungi,,,,,,
OTU770,Fungi,,,,,,
OTU771,Fungi,,,,,,
OTU893,Fungi,Ascomycota,,,,,
OTU676,Fungi,Basidiomycota,Agaricomycetes,Cantharellales,Incertae_sedis,Sistotrema,Sistotrema sp 
OTU675,Fungi,Ascomycota,,,,,
OTU674,Fungi,Mortierellomycota,Mortierellomycetes,Mortierellales,,,
OTU673,Fungi,Ascomycota,,,,,
OTU672,Fungi,Basidiomycota,Agaricomycetes,Agaricales,Entolomataceae,Entoloma,Entoloma flavifolium
OTU671,Fungi,Basidiomycota,Agaricomycetes,Thelephorales,Thelephoraceae,Tomentella,
OTU670,Fungi,Basidiomycota,Geminibasidiomycetes,Geminibasidiales,Geminibasidiaceae,Geminibasidium,Geminibasidium hirsutum
OTU1079,Fungi,Ascomycota,Sordariomycetes,,,,
OTU1078,Fungi,Basidiomycota,Agaricomycetes,Cantharellales,Ceratobasidiaceae,,
OTU1073,Fungi,Ascomycota,,,,,
OTU1072,Fungi,,,,,,
OTU1071,Fungi,Basidiomycota,Agaricomycetes,Russulales,Auriscalpiaceae,Lentinellus,Lentinellus ursinus
OTU1070,Fungi,Ascomycota,,,,,
OTU1077,Fungi,,,,,,
OTU1076,Fungi,Basidiomycota,Agaricomycetes,Corticiales,Corticiaceae,,
OTU1075,Fungi,Basidiomycota,Agaricomycetes,Agaricales,,,
OTU1074,Fungi,,,,,,
OTU14,Fungi,Basidiomycota,Agaricomycetes,Agaricales,Bolbitiaceae,Conocybe,
OTU15,Fungi,Basidiomycota,Agaricomycetes,Cantharellales,Ceratobasidiaceae,,
OTU16,Fungi,Mortierellomycota,Mortierellomycetes,Mortierellales,Mortierellaceae,Mortierella,Mortierella alpina
OTU17,Fungi,Basidiomycota,Agaricomycetes,,,,
OTU10,Fungi,Basidiomycota,Microbotryomycetes,Incertae_sedis,Chrysozymaceae,Udeniozyma,Udeniozyma ferulica
OTU11,Fungi,Ascomycota,,,,,
OTU12,Fungi,Basidiomycota,Agaricomycetes,Agaricales,Agaricaceae,Coprinus,Coprinus cordisporus
OTU13,Fungi,Ascomycota,Eurotiomycetes,Eurotiales,Trichocomaceae,Talaromyces,Talaromyces purpureogenus
OTU18,Fungi,Ascomycota,Saccharomycetes,Saccharomycetales,Phaffomycetaceae,Cyberlindnera,
OTU19,Fungi,Basidiomycota,Agaricomycetes,Agaricales,Bolbitiaceae,Panaeolus,Panaeolus subfirmus
OTU1107,Fungi,Ascomycota,Sordariomycetes,Sordariales,,,
OTU1106,Fungi,Chytridiomycota,Chytridiomycetes,,,,
OTU1105,Fungi,Ascomycota,Sordariomycetes,Xylariales,Sporocadaceae,Seiridium,
OTU1104,Fungi,,,,,,
OTU1103,Fungi,,,,,,
OTU1102,Fungi,,,,,,
OTU1101,Fungi,Ascomycota,Sordariomycetes,Sordariales,Lasiosphaeriaceae,Schizothecium,Schizothecium formosanum
OTU1100,Fungi,Mortierellomycota,Mortierellomycetes,Mortierellales,Mortierellaceae,Mortierella,Mortierella alpina
OTU1109,Fungi,Basidiomycota,Agaricomycetes,Thelephorales,Thelephoraceae,,
OTU1108,Fungi,Basidiomycota,,,,,
OTU462,Fungi,Ascomycota,Eurotiomycetes,Onygenales,Incertae_sedis,Chrysosporium,Chrysosporium pseudomerdarium
OTU703,Fungi,Basidiomycota,Agaricomycetes,Agaricales,,,
OTU460,Fungi,Ascomycota,,,,,
OTU461,Fungi,Basidiomycota,Agaricomycetes,Trechisporales,Hydnodontaceae,Trechispora,Trechispora sp 
OTU466,Fungi,,,,,,
OTU467,Fungi,Ascomycota,Eurotiomycetes,Eurotiales,Trichocomaceae,Thermomyces,Thermomyces lanuginosus
OTU464,Fungi,,,,,,
OTU250,Fungi,Ascomycota,Sordariomycetes,,,,
OTU468,Fungi,,,,,,
OTU469,Fungi,,,,,,
OTU701,Fungi,Ascomycota,Dothideomycetes,Pleosporales,,,
OTU700,Fungi,Ascomycota,Pezizomycetes,Pezizales,Pezizaceae,,
OTU707,Fungi,Ascomycota,,,,,
OTU254,Fungi,Ascomycota,,,,,
OTU608,Fungi,Basidiomycota,Agaricomycetes,,,,
OTU609,Fungi,Ascomycota,Orbiliomycetes,Orbiliales,Orbiliaceae,Arthrobotrys,Arthrobotrys superba
OTU705,Fungi,,,,,,
OTU602,Fungi,Ascomycota,Eurotiomycetes,Chaetothyriales,,,
OTU603,Fungi,Ascomycota,,,,,
OTU600,Fungi,,,,,,
OTU601,Fungi,Ascomycota,Dothideomycetes,Pleosporales,,,
OTU606,Fungi,Chytridiomycota,Rhizophlyctidomycetes,Rhizophlyctidales,Rhizophlyctidaceae,Rhizophlyctis,
OTU607,Fungi,Basidiomycota,Agaricomycetes,Tremellodendropsidales,,,
OTU604,Fungi,Ascomycota,Sordariomycetes,Coniochaetales,,,
OTU605,Fungi,Chytridiomycota,,,,,
OTU268,Fungi,Basidiomycota,Agaricomycetes,Cantharellales,Ceratobasidiaceae,Ceratobasidium,Ceratobasidium sp 
OTU269,Fungi,Ascomycota,Eurotiomycetes,Chaetothyriales,Herpotrichiellaceae,Exophiala,Exophiala aquamarina
OTU264,Fungi,Ascomycota,,,,,
OTU265,Fungi,Basidiomycota,,,,,
OTU266,Fungi,,,,,,
OTU267,Fungi,,,,,,
OTU260,Fungi,,,,,,
OTU261,Fungi,Ascomycota,,,,,
OTU262,Fungi,Basidiomycota,Agaricomycetes,Cantharellales,Ceratobasidiaceae,,
OTU263,Fungi,Basidiomycota,Agaricomycetes,Agaricales,,,
OTU116,Fungi,Basidiomycota,Agaricomycetes,,,,
OTU117,Fungi,Basidiomycota,Agaricomycetes,Agaricales,Bolbitiaceae,Conocybe,Conocybe anthracophila
OTU114,Fungi,Ascomycota,Leotiomycetes,Helotiales,Leotiaceae,Neobulgaria,
OTU115,Fungi,,,,,,
OTU112,Fungi,Basidiomycota,Agaricomycetes,Agaricales,Psathyrellaceae,Psathyrella,Psathyrella longicauda
OTU113,Fungi,Ascomycota,Orbiliomycetes,Orbiliales,Orbiliaceae,,
OTU110,Fungi,,,,,,
OTU111,Fungi,Basidiomycota,Agaricomycetes,Agaricales,,,
OTU118,Fungi,Ascomycota,Sordariomycetes,Branch06,,,
OTU119,Fungi,Basidiomycota,Agaricomycetes,Agaricales,Psathyrellaceae,Parasola,
OTU286,Fungi,Ascomycota,Sordariomycetes,Coniochaetales,,,
OTU287,Fungi,Ascomycota,Eurotiomycetes,Chaetothyriales,Herpotrichiellaceae,Exophiala,
OTU284,Fungi,Basidiomycota,,,,,
OTU285,Fungi,,,,,,
OTU282,Fungi,,,,,,
OTU283,Fungi,,,,,,
OTU280,Fungi,Basidiomycota,Agaricomycetes,Agaricales,Pluteaceae,Pluteus,Pluteus sp 
OTU281,Fungi,Ascomycota,Orbiliomycetes,Orbiliales,Orbiliaceae,,
OTU288,Fungi,Mortierellomycota,Mortierellomycetes,Mortierellales,Mortierellaceae,Mortierella,Mortierella ambigua
OTU289,Fungi,Ascomycota,Pezizomycetes,Pezizales,Pyronemataceae,Scutellinia,
OTU1671,Fungi,Ascomycota,Dothideomycetes,,,,
OTU1670,Fungi,Ascomycota,,,,,
OTU1673,Fungi,,,,,,
OTU1672,Fungi,,,,,,
OTU1675,Fungi,Ascomycota,,,,,
OTU1674,Fungi,Basidiomycota,Agaricomycetes,Agaricales,Agaricaceae,Tulostoma,Tulostoma sp 
OTU1677,Fungi,,,,,,
OTU1676,Fungi,,,,,,
OTU1679,Fungi,Ascomycota,Pezizomycetes,Pezizales,,,
OTU1678,Fungi,,,,,,
OTU840,Fungi,,,,,,
OTU841,Fungi,Ascomycota,Sordariomycetes,Xylariales,Xylariaceae,,
OTU842,Fungi,Ascomycota,,,,,
OTU843,Fungi,Ascomycota,,,,,
OTU844,Fungi,,,,,,
OTU845,Fungi,,,,,,
OTU846,Fungi,,,,,,
OTU847,Fungi,,,,,,
OTU848,Fungi,,,,,,
OTU849,Fungi,,,,,,
OTU1240,Fungi,Basidiomycota,Agaricomycetes,Agaricales,Entolomataceae,Entoloma,
OTU1241,Fungi,Ascomycota,,,,,
OTU1242,Fungi,,,,,,
OTU1243,Fungi,Cercozoa,,,,,
OTU1244,Fungi,Ascomycota,Orbiliomycetes,Orbiliales,Orbiliaceae,Arthrobotrys,Arthrobotrys elegans
OTU1245,Fungi,,,,,,
OTU1246,Fungi,Chytridiomycota,,,,,
OTU1247,Fungi,,,,,,
OTU1248,Fungi,Ascomycota,,,,,
OTU1249,Fungi,Ascomycota,Dothideomycetes,,,,
OTU1482,Fungi,Ascomycota,,,,,
OTU1483,Fungi,Ascomycota,Taphrinomycetes,Taphrinales,Taphrinaceae,Taphrina,Taphrina mirabilis
OTU1480,Fungi,Basidiomycota,Agaricomycetes,Agaricales,Strophariaceae,Pholiota,Pholiota squarrosa
OTU1481,Fungi,Ascomycota,Sordariomycetes,Sordariales,Lasiosphaeriaceae,,
OTU1486,Fungi,,,,,,
OTU1487,Fungi,,,,,,
OTU1484,Fungi,Ascomycota,,,,,
OTU1485,Fungi,Ascomycota,Leotiomycetes,Erysiphales,Erysiphaceae,Golovinomyces,Golovinomyces montagnei
OTU1488,Fungi,,,,,,
OTU1489,Fungi,Chytridiomycota,,,,,
OTU463,Fungi,Chytridiomycota,,,,,
OTU1068,Fungi,Basidiomycota,Agaricomycetes,Agaricales,Agaricaceae,,
OTU1069,Fungi,Ascomycota,Pezizomycetes,Pezizales,Pyronemataceae,,
OTU1060,Fungi,Ascomycota,,,,,
OTU1061,Fungi,Chytridiomycota,,,,,
OTU1062,Fungi,Ascomycota,Sordariomycetes,Sordariales,Chaetomiaceae,Chaetomium,
OTU1063,Fungi,,,,,,
OTU1064,Fungi,Basidiomycota,Agaricomycetes,Corticiales,Corticiaceae,Corticium,Corticium sp 
OTU1065,Fungi,,,,,,
OTU1066,Fungi,,,,,,
OTU1067,Fungi,Basidiomycota,Agaricomycetes,Agaricales,Lyophyllaceae,Lyophyllum,Lyophyllum infumatum
OTU1680,Fungi,,,,,,
OTU61,Fungi,Basidiomycota,Agaricomycetes,Cantharellales,Incertae_sedis,Minimedusa,Minimedusa polyspora
OTU60,Fungi,Basidiomycota,Agaricomycetes,Cantharellales,Ceratobasidiaceae,,
OTU63,Fungi,Ascomycota,Sordariomycetes,Hypocreales,Hypocreaceae,Trichoderma,
OTU62,Fungi,Ascomycota,,,,,
OTU65,Fungi,Ascomycota,Orbiliomycetes,Orbiliales,Orbiliaceae,Arthrobotrys,Arthrobotrys oligospora
OTU64,Fungi,Ascomycota,Sordariomycetes,Glomerellales,Glomerellaceae,Colletotrichum,Colletotrichum coccodes
OTU67,Fungi,Basidiomycota,Agaricomycetes,,,,
OTU66,Fungi,Ascomycota,Pezizomycetes,Pezizales,Pyronemataceae,Ramsbottomia,Ramsbottomia sp 
OTU69,Fungi,Chytridiomycota,Chytridiomycetes,,,,
OTU68,Fungi,Basidiomycota,Agaricomycetes,Agaricales,Psathyrellaceae,Coprinopsis,Coprinopsis sp 
OTU1114,Fungi,Basidiomycota,Agaricomycetes,Agaricales,,,
OTU1115,Fungi,Ascomycota,Leotiomycetes,Helotiales,,,
OTU1116,Fungi,Ascomycota,Sordariomycetes,Glomerellales,Plectosphaerellaceae,Verticillium,Verticillium dahliae
OTU1117,Fungi,Basidiomycota,Agaricomycetes,Agaricales,Hebelomataceae,,
OTU1110,Fungi,Basidiomycota,,,,,
OTU1111,Fungi,,,,,,
OTU1112,Fungi,Basidiomycota,Agaricomycetes,Sebacinales,,,
OTU1113,Fungi,Basidiomycota,Agaricomycetes,Polyporales,Meruliaceae,Uncobasidium,Uncobasidium sp 
OTU1118,Fungi,Ascomycota,Sordariomycetes,Coniochaetales,,,
OTU1119,Fungi,Basidiomycota,Agaricomycetes,Agaricales,Bolbitiaceae,Agrocybe,Agrocybe pusiola
OTU471,Fungi,Basidiomycota,,,,,
OTU470,Fungi,,,,,,
OTU473,Fungi,Ascomycota,Dothideomycetes,Pleosporales,,,
OTU472,Fungi,Ascomycota,Saccharomycetes,Saccharomycetales,Debaryomycetaceae,Debaryomyces,Debaryomyces hansenii
OTU475,Fungi,Ascomycota,Sordariomycetes,Xylariales,Xylariaceae,,
OTU474,Fungi,Mortierellomycota,Mortierellomycetes,Mortierellales,,,
OTU477,Fungi,Ascomycota,Eurotiomycetes,Eurotiales,Aspergillaceae,Aspergillus,Aspergillus caninus
OTU476,Fungi,,,,,,
OTU479,Fungi,,,,,,
OTU478,Fungi,,,,,,
OTU619,Fungi,Ascomycota,,,,,
OTU618,Fungi,Ascomycota,Eurotiomycetes,Onygenales,Arachnomycetaceae,Arachnomyces,Arachnomyces nodosetosus
OTU1681,Fungi,,,,,,
OTU611,Fungi,,,,,,
OTU610,Fungi,Basidiomycota,Agaricomycetes,Agaricales,Psathyrellaceae,Psathyrella,Psathyrella sublatispora
OTU613,Fungi,Chytridiomycota,Spizellomycetes,Spizellomycetales,Powellomycetaceae,Powellomyces,Powellomyces sp 
OTU612,Fungi,,,,,,
OTU615,Fungi,,,,,,
OTU614,Fungi,Ascomycota,,,,,
OTU617,Fungi,Ascomycota,,,,,
OTU616,Fungi,Ascomycota,,,,,
OTU486,Fungi,Ascomycota,Pezizomycetes,,,,
OTU487,Fungi,Basidiomycota,Agaricomycetes,Agaricales,Clavariaceae,,
OTU488,Fungi,,,,,,
OTU279,Fungi,Basidiomycota,Agaricomycetes,Agaricales,Psathyrellaceae,,
OTU278,Fungi,Chytridiomycota,Rhizophlyctidomycetes,Rhizophlyctidales,Rhizophlyctidaceae,Rhizophlyctis,Rhizophlyctis rosea
OTU489,Fungi,Basidiomycota,Agaricomycetes,Agaricales,Psathyrellaceae,Psathyrella,Psathyrella amarescens
OTU273,Fungi,Ascomycota,Dothideomycetes,Venturiales,Sympoventuriaceae,Scolecobasidium,Scolecobasidium constrictum
OTU272,Fungi,,,,,,
OTU271,Fungi,Ascomycota,Dothideomycetes,Pleosporales,,,
OTU270,Fungi,Ascomycota,,,,,
OTU277,Fungi,Ascomycota,Sordariomycetes,Hypocreales,Hypocreaceae,Trichoderma,Trichoderma aerugineum
OTU276,Fungi,Ascomycota,Sordariomycetes,Coniochaetales,Coniochaetaceae,,
OTU275,Fungi,,,,,,
OTU274,Fungi,Chytridiomycota,Spizellomycetes,Spizellomycetales,Powellomycetaceae,Powellomyces,Powellomyces hirtus
OTU105,Fungi,Basidiomycota,Agaricomycetes,Agaricales,,,
OTU104,Fungi,Basidiomycota,Agaricomycetes,Agaricales,Typhulaceae,Typhula,
OTU107,Fungi,Ascomycota,Dothideomycetes,Pleosporales,Didymosphaeriaceae,Paraphaeosphaeria,Paraphaeosphaeria minitans
OTU106,Fungi,,,,,,
OTU101,Fungi,Mortierellomycota,Mortierellomycetes,Mortierellales,Mortierellaceae,Mortierella,Mortierella sp 
OTU100,Fungi,,,,,,
OTU103,Fungi,,,,,,
OTU102,Fungi,Ascomycota,Pezizomycetes,Pezizales,Pyronemataceae,,
OTU109,Fungi,Ascomycota,Sordariomycetes,Hypocreales,,,
OTU108,Fungi,Basidiomycota,Agaricomycetes,Agaricales,,,
OTU295,Fungi,Basidiomycota,Agaricomycetes,Polyporales,,,
OTU294,Fungi,Basidiomycota,Agaricomycetes,Agaricales,Psathyrellaceae,Psathyrella,Psathyrella panaeoloides
OTU297,Fungi,,,,,,
OTU296,Fungi,,,,,,
OTU291,Fungi,,,,,,
OTU290,Fungi,Basidiomycota,Agaricomycetes,Agaricales,Entolomataceae,Entoloma,
OTU293,Fungi,,,,,,
OTU292,Fungi,Basidiomycota,Agaricomycetes,Thelephorales,Thelephoraceae,,
OTU299,Fungi,Basidiomycota,Agaricomycetes,Thelephorales,Thelephoraceae,Amaurodon,Amaurodon mustialaensis
OTU298,Fungi,Ascomycota,Sordariomycetes,Pleurotheciales,Pleurotheciaceae,,
OTU1668,Fungi,Ascomycota,,,,,
OTU1669,Fungi,Ascomycota,,,,,
OTU1666,Fungi,Ascomycota,Sordariomycetes,Hypocreales,Hypocreaceae,Trichoderma,
OTU1667,Fungi,Basidiomycota,Agaricomycetes,Agaricales,Bolbitiaceae,Conocybe,
OTU1664,Fungi,,,,,,
OTU1665,Fungi,Basidiomycota,Agaricomycetes,Agaricales,Psathyrellaceae,Psathyrella,Psathyrella impexa
OTU1662,Fungi,Ascomycota,Eurotiomycetes,Eurotiales,Aspergillaceae,Aspergillus,Aspergillus restrictus
OTU1663,Fungi,Ascomycota,,,,,
OTU1660,Fungi,Ascomycota,Saccharomycetes,Saccharomycetales,,,
OTU1661,Fungi,,,,,,
OTU859,Fungi,Basidiomycota,Agaricomycetes,Cantharellales,Ceratobasidiaceae,,
OTU858,Fungi,Ascomycota,Sordariomycetes,Sordariales,Lasiosphaeriaceae,,
OTU857,Fungi,,,,,,
OTU856,Fungi,Ascomycota,Eurotiomycetes,Eurotiales,,,
OTU855,Fungi,Kickxellomycota,Kickxellomycetes,Kickxellales,Kickxellaceae,Ramicandelaber,Ramicandelaber longisporus
OTU854,Fungi,,,,,,
OTU853,Fungi,Basidiomycota,,,,,
OTU852,Fungi,,,,,,
OTU851,Fungi,,,,,,
OTU850,Fungi,Basidiomycota,Agaricomycetes,Agaricales,Psathyrellaceae,Coprinellus,
OTU1279,Fungi,Basidiomycota,Agaricomycetes,Thelephorales,Thelephoraceae,,
OTU1278,Fungi,Basidiomycota,Agaricomycetes,Sebacinales,,,
OTU1275,Fungi,,,,,,
OTU1274,Fungi,Ascomycota,Sordariomycetes,Sordariales,,,
OTU1277,Fungi,Ascomycota,Sordariomycetes,Xylariales,Xylariaceae,Xylaria,
OTU1276,Fungi,Basidiomycota,Agaricomycetes,Agaricales,Pluteaceae,Volvariella,Volvariella pusilla
OTU1271,Fungi,Ascomycota,Eurotiomycetes,Chaetothyriales,Herpotrichiellaceae,Exophiala,Exophiala equina
OTU1270,Fungi,Ascomycota,Dothideomycetes,Pleosporales,Pleosporaceae,,
OTU1273,Fungi,,,,,,
OTU1272,Fungi,Ascomycota,,,,,
OTU1688,Fungi,,,,,,
OTU1479,Fungi,Basidiomycota,Agaricomycetes,Agaricales,Lycoperdaceae,Holocotylon,Holocotylon brandegeeanum
OTU1478,Fungi,Ascomycota,,,,,
OTU1477,Fungi,,,,,,
OTU1476,Fungi,Mortierellomycota,Mortierellomycetes,Mortierellales,Mortierellaceae,Mortierella,Mortierella exigua
OTU1475,Fungi,Ascomycota,Orbiliomycetes,Orbiliales,Orbiliaceae,Arthrobotrys,Arthrobotrys superba
OTU1474,Fungi,Ascomycota,,,,,
OTU1473,Fungi,Ascomycota,Eurotiomycetes,Chaetothyriales,Cyphellophoraceae,Cyphellophora,
OTU1472,Fungi,,,,,,
OTU1471,Fungi,Basidiomycota,,,,,
OTU1470,Fungi,,,,,,
OTU1589,Fungi,Ascomycota,Sordariomycetes,Hypocreales,Hypocreaceae,,
OTU1588,Fungi,Basidiomycota,Agaricomycetes,Agaricales,Bolbitiaceae,Pholiotina,Pholiotina cyanopus
OTU1583,Fungi,,,,,,
OTU1582,Fungi,Ascomycota,Eurotiomycetes,Chaetothyriales,Herpotrichiellaceae,Exophiala,Exophiala lacus
OTU1581,Fungi,,,,,,
OTU1580,Fungi,,,,,,
OTU1587,Fungi,Ascomycota,Sordariomycetes,Sordariales,Lasiosphaeriaceae,,
OTU1586,Fungi,Ascomycota,Dothideomycetes,Pleosporales,Pleosporaceae,,
OTU1585,Fungi,Basidiomycota,Agaricomycetes,Agaricales,Psathyrellaceae,Coprinopsis,
OTU1584,Fungi,Ascomycota,Pezizomycetes,Pezizales,Pezizaceae,Aquapeziza,Aquapeziza globispora
OTU435,Fungi,Ascomycota,Pezizomycetes,Pezizales,Pyronemataceae,,
OTU342,Fungi,Ascomycota,Pezizomycetes,Pezizales,Pyronemataceae,Scutellinia,Scutellinia scutellata
OTU437,Fungi,Basidiomycota,Agaricomycetes,Agaricales,Psathyrellaceae,Psathyrella,Psathyrella kellermanii
OTU1055,Fungi,Basidiomycota,Agaricomycetes,Thelephorales,Thelephoraceae,Amaurodon,Amaurodon mustialaensis
OTU1054,Fungi,Glomeromycota,Glomeromycetes,Glomerales,,,
OTU1057,Fungi,Ascomycota,,,,,
OTU1056,Fungi,Basidiomycota,Agaricomycetes,Boletales,,,
OTU1051,Fungi,Basidiomycota,,,,,
OTU1050,Fungi,,,,,,
OTU1053,Fungi,Ascomycota,Eurotiomycetes,Chaetothyriales,Herpotrichiellaceae,Exophiala,
OTU1052,Fungi,Ascomycota,Sordariomycetes,Hypocreales,Stachybotryaceae,,
OTU431,Fungi,,,,,,
OTU1059,Fungi,Ascomycota,,,,,
OTU1058,Fungi,Ascomycota,,,,,
OTU430,Fungi,Ascomycota,Eurotiomycetes,Chaetothyriales,Herpotrichiellaceae,Cladophialophora,Cladophialophora chaetospira
OTU1297,Fungi,Ascomycota,Sordariomycetes,Coniochaetales,Coniochaetaceae,Coniochaeta,
OTU1296,Fungi,,,,,,
OTU1295,Fungi,Basidiomycota,Agaricomycetes,Agaricales,Lycoperdaceae,,
OTU1294,Fungi,Mucoromycota,Mucoromycetes,Mucorales,Rhizopodaceae,Rhizopus,Rhizopus arrhizus
OTU1293,Fungi,Ascomycota,Sordariomycetes,Hypocreales,Stachybotryaceae,,
OTU433,Fungi,Chytridiomycota,,,,,
OTU1291,Fungi,Basidiomycota,Agaricomycetes,Agaricales,Cyphellaceae,,
OTU1290,Fungi,Ascomycota,Sordariomycetes,Hypocreales,Stachybotryaceae,,
OTU1689,Fungi,Ascomycota,,,,,
OTU432,Fungi,Ascomycota,Leotiomycetes,Helotiales,Incertae_sedis,Cadophora,Cadophora luteo-olivacea
OTU1299,Fungi,,,,,,
OTU1298,Fungi,Ascomycota,,,,,
OTU72,Fungi,Basidiomycota,Agaricomycetes,Agaricales,Typhulaceae,Typhula,
OTU73,Fungi,Mortierellomycota,Mortierellomycetes,Mortierellales,,,
OTU70,Fungi,Ascomycota,Pezizomycetes,Pezizales,,,
OTU71,Fungi,Ascomycota,Eurotiomycetes,Eurotiales,Aspergillaceae,Penicillium,
OTU76,Fungi,Chytridiomycota,Spizellomycetes,Spizellomycetales,Spizellomycetaceae,Spizellomyces,Spizellomyces dolichospermus
OTU77,Fungi,Chytridiomycota,Rhizophlyctidomycetes,Rhizophlyctidales,Rhizophlyctidaceae,Rhizophlyctis,Rhizophlyctis rosea
OTU74,Fungi,Basidiomycota,Agaricomycetes,Agaricales,Psathyrellaceae,Psathyrella,Psathyrella sulcatotuberculosa
OTU75,Fungi,Ascomycota,Sordariomycetes,Hypocreales,Hypocreaceae,Trichoderma,Trichoderma barbatum
OTU78,Fungi,Ascomycota,Sordariomycetes,Xylariales,Xylariaceae,,
OTU79,Fungi,Basidiomycota,Agaricomycetes,Polyporales,Meruliaceae,Uncobasidium,Uncobasidium sp 
OTU1121,Fungi,,,,,,
OTU1120,Fungi,Glomeromycota,Glomeromycetes,Glomerales,,,
OTU1123,Fungi,Basidiomycota,Agaricomycetes,Agaricales,Tricholomataceae,Tricholoma,
OTU1122,Fungi,,,,,,
OTU1125,Fungi,,,,,,
OTU1124,Fungi,Ascomycota,Sordariomycetes,Coniochaetales,,,
OTU1127,Fungi,Chytridiomycota,,,,,
OTU1126,Fungi,Ascomycota,Sordariomycetes,Sordariales,Chaetomiaceae,Dichotomopilus,Dichotomopilus pratensis
OTU1129,Fungi,Ascomycota,Sordariomycetes,Hypocreales,,,
OTU1128,Fungi,Ascomycota,,,,,
OTU1635,Fungi,Ascomycota,Sordariomycetes,Sordariales,Chaetomiaceae,,
OTU964,Fungi,Ascomycota,Sordariomycetes,Hypocreales,Hypocreaceae,Trichoderma,
OTU1634,Fungi,Ascomycota,,,,,
OTU598,Fungi,,,,,,
OTU599,Fungi,,,,,,
OTU592,Fungi,Chytridiomycota,,,,,
OTU593,Fungi,Ascomycota,Sordariomycetes,Coniochaetales,Coniochaetaceae,,
OTU590,Fungi,Ascomycota,Pezizomycetes,Pezizales,Pyronemataceae,,
OTU591,Fungi,Ascomycota,,,,,
OTU596,Fungi,,,,,,
OTU597,Fungi,Ascomycota,,,,,
OTU594,Fungi,,,,,,
OTU595,Fungi,,,,,,
OTU448,Fungi,Ascomycota,Pezizomycetes,Pezizales,Pezizaceae,Peziza,
OTU449,Fungi,Chytridiomycota,Spizellomycetes,Spizellomycetales,Powellomycetaceae,Powellomyces,Powellomyces sp 
OTU444,Fungi,Ascomycota,Leotiomycetes,Helotiales,Incertae_sedis,Leptodontidium,Leptodontidium sp 
OTU445,Fungi,Chytridiomycota,,,,,
OTU446,Fungi,Ascomycota,Eurotiomycetes,Onygenales,,,
OTU447,Fungi,Ascomycota,,,,,
OTU440,Fungi,,,,,,
OTU441,Fungi,Basidiomycota,,,,,
OTU442,Fungi,Ascomycota,,,,,
OTU443,Fungi,Ascomycota,Eurotiomycetes,Chaetothyriales,Herpotrichiellaceae,Exophiala,Exophiala psychrophila
OTU130,Fungi,Ascomycota,Orbiliomycetes,Orbiliales,Orbiliaceae,,
OTU131,Fungi,Ascomycota,,,,,
OTU132,Fungi,Basidiomycota,Agaricomycetes,Agaricales,Bolbitiaceae,,
OTU133,Fungi,Ascomycota,Pezizomycetes,Pezizales,Pyronemataceae,,
OTU134,Fungi,Basidiomycota,Agaricomycetes,,,,
OTU135,Fungi,Basidiomycota,Agaricomycetes,Agaricales,,,
OTU136,Fungi,Ascomycota,Sordariomycetes,Coniochaetales,,,
OTU137,Fungi,Basidiomycota,Agaricomycetes,Polyporales,Hyphodermataceae,Hyphoderma,Hyphoderma sp 
OTU138,Fungi,Ascomycota,,,,,
OTU139,Fungi,Ascomycota,Dothideomycetes,Pleosporales,Leptosphaeriaceae,Plenodomus,Plenodomus biglobosus
OTU918,Fungi,,,,,,
OTU919,Fungi,,,,,,
OTU916,Fungi,,,,,,
OTU917,Fungi,Basidiomycota,Agaricomycetes,Corticiales,Corticiaceae,Corticium,Corticium confine
OTU914,Fungi,Mortierellomycota,Mortierellomycetes,Mortierellales,,,
OTU915,Fungi,,,,,,
OTU912,Fungi,Ascomycota,Dothideomycetes,Venturiales,Sympoventuriaceae,,
OTU913,Fungi,,,,,,
OTU910,Fungi,,,,,,
OTU911,Fungi,Ascomycota,,,,,
OTU1619,Fungi,Ascomycota,,,,,
OTU1618,Fungi,,,,,,
OTU1613,Fungi,Ascomycota,Eurotiomycetes,Chaetothyriales,Cyphellophoraceae,Cyphellophora,
OTU1612,Fungi,,,,,,
OTU1611,Fungi,,,,,,
OTU1610,Fungi,,,,,,
OTU1617,Fungi,Ascomycota,,,,,
OTU1616,Fungi,,,,,,
OTU1615,Fungi,Basidiomycota,Agaricomycetes,Trechisporales,,,
OTU1614,Fungi,Ascomycota,Dothideomycetes,Pleosporales,Pleosporaceae,Alternaria,Alternaria infectoria
OTU624,Fungi,,,,,,
OTU625,Fungi,Basidiomycota,Agaricomycetes,Agaricales,Pleurotaceae,,
OTU626,Fungi,Ascomycota,Eurotiomycetes,Chaetothyriales,Herpotrichiellaceae,,
OTU627,Fungi,Ascomycota,Dothideomycetes,Pleosporales,Incertae_sedis,Chalastospora,Chalastospora gossypii
OTU620,Fungi,Ascomycota,Sordariomycetes,Sordariales,Chaetomiaceae,Humicola,Humicola nigrescens
OTU621,Fungi,Chytridiomycota,Spizellomycetes,Spizellomycetales,Spizellomycetaceae,Spizellomyces,Spizellomyces sp 
OTU622,Fungi,Ascomycota,Sordariomycetes,Coniochaetales,,,
OTU623,Fungi,Ascomycota,Eurotiomycetes,Chaetothyriales,Herpotrichiellaceae,Exophiala,Exophiala salmonis
OTU628,Fungi,Ascomycota,Eurotiomycetes,Onygenales,Arthrodermataceae,Trichophyton,Trichophyton longifusum
OTU629,Fungi,Ascomycota,Eurotiomycetes,Onygenales,Onygenaceae,Aphanoascus,Aphanoascus durus
OTU828,Fungi,Basidiomycota,Agaricomycetes,Agaricales,Entolomataceae,Entoloma,
OTU829,Fungi,,,,,,
OTU822,Fungi,Ascomycota,Sordariomycetes,,,,
OTU823,Fungi,Ascomycota,Dothideomycetes,Pleosporales,Phaeosphaeriaceae,,
OTU820,Fungi,Basidiomycota,Agaricomycetes,Agaricales,Lycoperdaceae,Lycoperdon,Lycoperdon pratense
OTU821,Fungi,Ascomycota,,,,,
OTU826,Fungi,,,,,,
OTU827,Fungi,Ascomycota,,,,,
OTU824,Fungi,,,,,,
OTU825,Fungi,,,,,,
OTU1698,Fungi,Basidiomycota,Agaricomycetes,Atheliales,Atheliaceae,Piloderma,Piloderma olivaceum
OTU1268,Fungi,Ascomycota,,,,,
OTU1269,Fungi,,,,,,
OTU1262,Fungi,Chytridiomycota,,,,,
OTU1263,Fungi,,,,,,
OTU1260,Fungi,Basidiomycota,Agaricomycetes,Polyporales,Steccherinaceae,Ceriporiopsis,Ceriporiopsis sp 
OTU1261,Fungi,Basidiomycota,Agaricomycetes,,,,
OTU1266,Fungi,Ascomycota,Sordariomycetes,,,,
OTU1267,Fungi,Ascomycota,,,,,
OTU1264,Fungi,Basidiomycota,,,,,
OTU1265,Fungi,Ascomycota,,,,,
OTU1468,Fungi,Ascomycota,Sordariomycetes,Hypocreales,Cordycipitaceae,Lecanicillium,Lecanicillium psalliotae
OTU1469,Fungi,Cercozoa,,,,,
OTU1464,Fungi,,,,,,
OTU1465,Fungi,Ascomycota,Eurotiomycetes,Onygenales,Onygenaceae,,
OTU1466,Fungi,,,,,,
OTU1467,Fungi,Ascomycota,,,,,
OTU1460,Fungi,Ascomycota,,,,,
OTU1461,Fungi,Ascomycota,Sordariomycetes,Sordariales,Chaetomiaceae,,
OTU1462,Fungi,,,,,,
OTU1463,Fungi,Ascomycota,Leotiomycetes,Helotiales,,,
OTU1598,Fungi,,,,,,
OTU1599,Fungi,Basidiomycota,Agaricomycetes,Agaricales,Psathyrellaceae,Psathyrella,
OTU1590,Fungi,Ascomycota,,,,,
OTU1591,Fungi,Basidiomycota,Cystobasidiomycetes,Cystobasidiales,Cystobasidiaceae,Cystobasidium,Cystobasidium pallidum
OTU1592,Fungi,,,,,,
OTU1593,Fungi,Ascomycota,Sordariomycetes,Sordariales,Lasiosphaeriaceae,Cercophora,Cercophora samala
OTU1594,Fungi,Basidiomycota,Agaricomycetes,Agaricales,Entolomataceae,Entoloma,Entoloma fuscohebes
OTU1595,Fungi,Ascomycota,Eurotiomycetes,Chaetothyriales,Herpotrichiellaceae,Exophiala,Exophiala equina
OTU1596,Fungi,,,,,,
OTU1597,Fungi,Ascomycota,Sordariomycetes,Xylariales,Sporocadaceae,Pestalotiopsis,
OTU1042,Fungi,Basidiomycota,Agaricomycetes,Agaricales,Entolomataceae,Entoloma,Entoloma sp 
OTU1043,Fungi,Ascomycota,,,,,
OTU1040,Fungi,Ascomycota,Saccharomycetes,Saccharomycetales,,,
OTU1041,Fungi,,,,,,
OTU1046,Fungi,Ascomycota,Eurotiomycetes,Onygenales,,,
OTU1047,Fungi,Ascomycota,,,,,
OTU1044,Fungi,,,,,,
OTU1045,Fungi,Chytridiomycota,,,,,
OTU1048,Fungi,Basidiomycota,,,,,
OTU1049,Fungi,,,,,,
OTU1284,Fungi,,,,,,
OTU1285,Fungi,,,,,,
OTU1286,Fungi,Basidiomycota,Tremellomycetes,Cystofilobasidiales,Incertae_sedis,Mrakiella,Mrakiella aquatica
OTU1287,Fungi,Ascomycota,Dothideomycetes,Pleosporales,,,
OTU1280,Fungi,Ascomycota,Pezizomycetes,Pezizales,Pyronemataceae,Paurocotylis,
OTU1281,Fungi,Ascomycota,Dothideomycetes,Venturiales,Sympoventuriaceae,Scolecobasidium,Scolecobasidium sp 
OTU1282,Fungi,Basidiomycota,Agaricomycetes,Agaricales,Bolbitiaceae,Conocybe,Conocybe enderlei
OTU1283,Fungi,Ascomycota,Dothideomycetes,Pleosporales,Pleosporaceae,Alternaria,Alternaria rosae
OTU1288,Fungi,Ascomycota,,,,,
OTU1289,Fungi,,,,,,
OTU49,Fungi,Basidiomycota,Agaricomycetes,Agaricales,Strophariaceae,Psilocybe,Psilocybe inquilina
OTU48,Fungi,Ascomycota,Eurotiomycetes,Chaetothyriales,Herpotrichiellaceae,Exophiala,
OTU47,Fungi,Ascomycota,Sordariomycetes,Hypocreales,Stachybotryaceae,,
OTU46,Fungi,Basidiomycota,Agaricomycetes,Agaricales,Bolbitiaceae,Agrocybe,Agrocybe smithii
OTU45,Fungi,Mortierellomycota,Mortierellomycetes,Mortierellales,Mortierellaceae,Mortierella,Mortierella ambigua
OTU44,Fungi,Basidiomycota,Agaricomycetes,Agaricales,Psathyrellaceae,Psathyrella,Psathyrella sp 
OTU43,Fungi,Basidiomycota,Agaricomycetes,Polyporales,,,
OTU42,Fungi,Basidiomycota,Agaricomycetes,Cantharellales,Ceratobasidiaceae,Rhizoctonia,Rhizoctonia zeae
OTU41,Fungi,Basidiomycota,Agaricomycetes,Cantharellales,,,
OTU40,Fungi,Chytridiomycota,,,,,
OTU1138,Fungi,Ascomycota,,,,,
OTU1139,Fungi,Ascomycota,Saccharomycetes,Saccharomycetales,,,
OTU1136,Fungi,Basidiomycota,Tremellomycetes,Filobasidiales,Piskurozymaceae,Solicoccozyma,Solicoccozyma terricola
OTU1137,Fungi,Ascomycota,,,,,
OTU1134,Fungi,Ascomycota,Sordariomycetes,Glomerellales,Glomerellaceae,Colletotrichum,Colletotrichum coccodes
OTU1135,Fungi,Basidiomycota,Agaricomycetes,Sebacinales,Sebacinaceae,,
OTU1132,Fungi,Zoopagomycota,Zoopagomycetes,Zoopagales,Piptocephalidaceae,Syncephalis,Syncephalis sp 
OTU1133,Fungi,Ascomycota,,,,,
OTU1130,Fungi,Basidiomycota,Agaricomycetes,Agaricales,Agaricaceae,Tulostoma,Tulostoma pulchellum
OTU1131,Fungi,Ascomycota,,,,,
OTU589,Fungi,Ascomycota,,,,,
OTU588,Fungi,Ascomycota,Pezizomycetes,Pezizales,Ascobolaceae,,
OTU581,Fungi,Ascomycota,,,,,
OTU580,Fungi,Basidiomycota,Agaricomycetes,Atheliales,Atheliaceae,Piloderma,Piloderma olivaceum
OTU583,Fungi,Ascomycota,,,,,
OTU582,Fungi,Ascomycota,,,,,
OTU585,Fungi,Ascomycota,Orbiliomycetes,Orbiliales,Orbiliaceae,,
OTU584,Fungi,Ascomycota,,,,,
OTU587,Fungi,Ascomycota,,,,,
OTU586,Fungi,,,,,,
OTU459,Fungi,,,,,,
OTU458,Fungi,Mortierellomycota,Mortierellomycetes,Mortierellales,Mortierellaceae,Mortierella,
OTU453,Fungi,Ascomycota,,,,,
OTU452,Fungi,Basidiomycota,Agaricomycetes,,,,
OTU451,Fungi,Chytridiomycota,Chytridiomycetes,Chytridiales,Chytridiaceae,,
OTU450,Fungi,,,,,,
OTU457,Fungi,Chytridiomycota,,,,,
OTU456,Fungi,Ascomycota,Leotiomycetes,Helotiales,Dermateaceae,Helgardia,Helgardia anguioides
OTU455,Fungi,Ascomycota,Eurotiomycetes,Onygenales,,,
OTU454,Fungi,Chytridiomycota,Spizellomycetes,Spizellomycetales,Spizellomycetaceae,Spizellomyces,Spizellomyces sp 
OTU129,Fungi,Ascomycota,Pezizomycetes,Pezizales,Pyronemataceae,Scutellinia,
OTU128,Fungi,Basidiomycota,Agaricomycetes,Agaricales,Psathyrellaceae,Coprinopsis,Coprinopsis calospora
OTU127,Fungi,Chytridiomycota,Spizellomycetes,Spizellomycetales,Powellomycetaceae,Powellomyces,
OTU126,Fungi,Basidiomycota,Agaricomycetes,Sebacinales,,,
OTU125,Fungi,Ascomycota,Pezizomycetes,Pezizales,,,
OTU124,Fungi,Ascomycota,Sordariomycetes,Hypocreales,Hypocreaceae,Trichoderma,Trichoderma turrialbense
OTU123,Fungi,Basidiomycota,Agaricomycetes,,,,
OTU122,Fungi,Ascomycota,Eurotiomycetes,Chaetothyriales,Herpotrichiellaceae,,
OTU121,Fungi,Basidiomycota,Agaricomycetes,Agaricales,Psathyrellaceae,Psathyrella,
OTU120,Fungi,Basidiomycota,Agaricomycetes,Agaricales,Nidulariaceae,Cyathus,Cyathus stercoreus
OTU909,Fungi,,,,,,
OTU908,Fungi,Basidiomycota,Agaricomycetes,Agaricales,Agaricaceae,Tulostoma,Tulostoma sp 
OTU905,Fungi,Ascomycota,,,,,
OTU904,Fungi,Ascomycota,,,,,
OTU907,Fungi,,,,,,
OTU906,Fungi,Ascomycota,,,,,
OTU901,Fungi,,,,,,
OTU900,Fungi,Ascomycota,,,,,
OTU903,Fungi,Ascomycota,,,,,
OTU902,Fungi,Zoopagomycota,Zoopagomycetes,Zoopagales,Piptocephalidaceae,Syncephalis,Syncephalis sp 
OTU1608,Fungi,Ascomycota,Sordariomycetes,,,,
OTU1609,Fungi,Basidiomycota,Agaricomycetes,,,,
OTU1600,Fungi,,,,,,
OTU1601,Fungi,Ascomycota,Sordariomycetes,Hypocreales,,,
OTU1602,Fungi,,,,,,
OTU1603,Fungi,Ascomycota,,,,,
OTU1604,Fungi,Chytridiomycota,Chytridiomycetes,Chytridiales,Incertae_sedis,Delfinachytrium,Delfinachytrium mesopotamicum
OTU1605,Fungi,,,,,,
OTU1606,Fungi,Basidiomycota,Agaricomycetes,Polyporales,Meruliaceae,Ceriporia,Ceriporia bubalinomarginata
OTU1607,Fungi,,,,,,
OTU633,Fungi,Basidiomycota,,,,,
OTU632,Fungi,Ascomycota,Sordariomycetes,Hypocreales,Stachybotryaceae,,
OTU631,Fungi,Basidiomycota,Agaricomycetes,Agaricales,Strophariaceae,Galerina,Galerina hygrophila
OTU630,Fungi,Basidiomycota,Agaricomycetes,Agaricales,Mycenastraceae,Mycenastrum,Mycenastrum corium
OTU637,Fungi,,,,,,
OTU636,Fungi,Ascomycota,Orbiliomycetes,Orbiliales,,,
OTU635,Fungi,Ascomycota,Leotiomycetes,Helotiales,Helotiaceae,Tetracladium,Tetracladium sp 
OTU634,Fungi,Rozellomycota,Incertae_sedis,Gs02,,,
OTU639,Fungi,Basidiomycota,Agaricomycetes,Agaricales,Entolomataceae,Entoloma,Entoloma abortivum
OTU638,Fungi,Basidiomycota,Agaricomycetes,Agaricales,Pleurotaceae,,
OTU1524,Fungi,Ascomycota,Eurotiomycetes,Eurotiales,Aspergillaceae,Aspergillus,Aspergillus ardalensis
OTU839,Fungi,Ascomycota,Dothideomycetes,Pleosporales,,,
OTU838,Fungi,Basidiomycota,Agaricomycetes,Agaricales,,,
OTU831,Fungi,Ascomycota,Sordariomycetes,Sordariales,Chaetomiaceae,,
OTU830,Fungi,Chytridiomycota,,,,,
OTU833,Fungi,Ascomycota,Eurotiomycetes,Eurotiales,Aspergillaceae,Aspergillus,Aspergillus conicus
OTU832,Fungi,,,,,,
OTU835,Fungi,Basidiomycota,Agaricomycetes,Agaricales,Psathyrellaceae,Psathyrella,Psathyrella candolleana
OTU834,Fungi,,,,,,
OTU837,Fungi,Ascomycota,,,,,
OTU836,Fungi,Ascomycota,Pezizomycetes,Pezizales,Ascobolaceae,Ascobolus,
OTU215,Fungi,Ascomycota,Pezizomycetes,Pezizales,Pyronemataceae,,
OTU494,Fungi,Ascomycota,Leotiomycetes,Helotiales,Incertae_sedis,Cadophora,
OTU214,Fungi,,,,,,
OTU1522,Fungi,,,,,,
OTU217,Fungi,Ascomycota,Dothideomycetes,Pleosporales,Pleosporaceae,Stemphylium,Stemphylium sp 
OTU216,Fungi,Basidiomycota,Agaricomycetes,Agaricales,Pluteaceae,Volvariella,
OTU211,Fungi,Ascomycota,Dothideomycetes,Pleosporales,Didymosphaeriaceae,Pseudopithomyces,Pseudopithomyces chartarum
OTU210,Fungi,Basidiomycota,Agaricomycetes,Agaricales,Psathyrellaceae,Parasola,Parasola lilatincta
OTU213,Fungi,Ascomycota,Orbiliomycetes,Orbiliales,Incertae_sedis,Vermispora,Vermispora spermatophaga
OTU740,Fungi,Ascomycota,Leotiomycetes,Helotiales,Incertae_sedis,Cadophora,Cadophora malorum
OTU1459,Fungi,,,,,,
OTU1458,Fungi,Ascomycota,,,,,
OTU1451,Fungi,Ascomycota,,,,,
OTU1450,Fungi,Basidiomycota,Agaricomycetes,Russulales,,,
OTU1453,Fungi,Ascomycota,,,,,
OTU1452,Fungi,Basidiomycota,Agaricomycetes,Thelephorales,Bankeraceae,Hydnellum,Hydnellum cyanopodium
OTU1455,Fungi,Basidiomycota,Agaricomycetes,Geastrales,Geastraceae,,
OTU1454,Fungi,,,,,,
OTU1457,Fungi,,,,,,
OTU1456,Fungi,Basidiomycota,Agaricomycetes,,,,
OTU8,Fungi,Ascomycota,,,,,
OTU9,Fungi,Ascomycota,Pezizomycetes,Pezizales,Pyronemataceae,,
OTU6,Fungi,Basidiomycota,Agaricomycetes,,,,
OTU7,Fungi,Ascomycota,Eurotiomycetes,Chaetothyriales,Herpotrichiellaceae,Exophiala,Exophiala sp 
OTU4,Fungi,,,,,,
OTU5,Fungi,Basidiomycota,Agaricomycetes,Cantharellales,Incertae_sedis,Minimedusa,Minimedusa polyspora
OTU2,Fungi,Ascomycota,Leotiomycetes,Helotiales,Helotiaceae,Tetracladium,Tetracladium sp 
OTU3,Fungi,Ascomycota,Eurotiomycetes,Eurotiales,Trichocomaceae,Talaromyces,
OTU1,Fungi,Ascomycota,Pezizomycetes,Pezizales,Pyronemataceae,,
OTU58,Fungi,,,,,,
OTU59,Fungi,Basidiomycota,Agaricomycetes,Agaricales,Entolomataceae,Entoloma,
OTU50,Fungi,,,,,,
OTU51,Fungi,Ascomycota,Sordariomycetes,Sordariales,Lasiosphaeriaceae,,
OTU52,Fungi,Basidiomycota,Agaricomycetes,Polyporales,,,
OTU53,Fungi,Basidiomycota,Agaricomycetes,Agaricales,,,
OTU54,Fungi,Ascomycota,Sordariomycetes,Hypocreales,Hypocreaceae,Trichoderma,Trichoderma virens
OTU55,Fungi,Ascomycota,Eurotiomycetes,Chaetothyriales,Herpotrichiellaceae,Exophiala,Exophiala sp 
OTU56,Fungi,Ascomycota,Eurotiomycetes,Eurotiales,Trichocomaceae,Talaromyces,Talaromyces sp 
OTU57,Fungi,Basidiomycota,Agaricomycetes,Agaricales,Bolbitiaceae,Agrocybe,Agrocybe pediades
OTU1149,Fungi,Mortierellomycota,Mortierellomycetes,Mortierellales,Mortierellaceae,Mortierella,Mortierella elongata
OTU1148,Fungi,Ascomycota,Sordariomycetes,Sordariales,Chaetomiaceae,,
OTU1143,Fungi,Basidiomycota,Agaricomycetes,Polyporales,Meruliaceae,Uncobasidium,Uncobasidium sp 
OTU1142,Fungi,Ascomycota,Eurotiomycetes,Chaetothyriales,Herpotrichiellaceae,,
OTU1141,Fungi,,,,,,
OTU1140,Fungi,Mortierellomycota,Mortierellomycetes,Mortierellales,Mortierellaceae,Mortierella,
OTU1147,Fungi,,,,,,
OTU1146,Fungi,,,,,,
OTU1145,Fungi,Glomeromycota,Glomeromycetes,Glomerales,,,
OTU1144,Fungi,,,,,,
OTU480,Fungi,Chytridiomycota,,,,,
OTU481,Fungi,Ascomycota,Sordariomycetes,Coniochaetales,,,
OTU482,Fungi,Kickxellomycota,Kickxellomycetes,Kickxellales,Kickxellaceae,Ramicandelaber,Ramicandelaber sp 
OTU483,Fungi,Basidiomycota,Tremellomycetes,Filobasidiales,Piskurozymaceae,Solicoccozyma,Solicoccozyma aeria
OTU484,Fungi,Ascomycota,Leotiomycetes,Helotiales,Helotiaceae,Tetracladium,Tetracladium sp 
OTU485,Fungi,Mortierellomycota,Mortierellomycetes,Mortierellales,Mortierellaceae,Mortierella,
OTU338,Fungi,,,,,,
OTU339,Fungi,Basidiomycota,Agaricomycetes,Agaricales,,,
OTU336,Fungi,Ascomycota,,,,,
OTU337,Fungi,,,,,,
OTU334,Fungi,Ascomycota,Eurotiomycetes,Chaetothyriales,Herpotrichiellaceae,Exophiala,Exophiala lacus
OTU335,Fungi,,,,,,
OTU332,Fungi,Ascomycota,,,,,
OTU333,Fungi,,,,,,
OTU330,Fungi,Basidiomycota,Agaricomycetes,Agaricales,Lyophyllaceae,Fibulochlamys,Fibulochlamys chilensis
OTU331,Fungi,,,,,,
OTU158,Fungi,Chytridiomycota,Spizellomycetes,Spizellomycetales,,,
OTU159,Fungi,Ascomycota,Eurotiomycetes,Onygenales,,,
OTU152,Fungi,Basidiomycota,Agaricomycetes,Agaricales,Psathyrellaceae,Coprinopsis,Coprinopsis rugosobispora
OTU153,Fungi,Ascomycota,,,,,
OTU150,Fungi,,,,,,
OTU151,Fungi,Ascomycota,Dothideomycetes,Pleosporales,Pleosporaceae,Alternaria,
OTU156,Fungi,,,,,,
OTU157,Fungi,Ascomycota,Eurotiomycetes,Chaetothyriales,Herpotrichiellaceae,Exophiala,Exophiala salmonis
OTU154,Fungi,,,,,,
OTU155,Fungi,Basidiomycota,Agaricomycetes,Agaricales,Entolomataceae,Entoloma,Entoloma perumbilicatum
OTU938,Fungi,Basidiomycota,Agaricomycetes,Agaricales,Clavariaceae,,
OTU939,Fungi,,,,,,
OTU1637,Fungi,Ascomycota,Dothideomycetes,Capnodiales,Cladosporiaceae,,
OTU1636,Fungi,,,,,,
OTU1631,Fungi,Ascomycota,,,,,
OTU1630,Fungi,Basidiomycota,Agaricomycetes,Polyporales,Meruliaceae,Uncobasidium,Uncobasidium sp 
OTU1633,Fungi,Ascomycota,Pezizomycetes,Pezizales,Pezizaceae,,
OTU1632,Fungi,Basidiomycota,Agaricomycetes,Agaricales,Entolomataceae,Clitopilus,Clitopilus sp 
OTU930,Fungi,Ascomycota,,,,,
OTU931,Fungi,Ascomycota,Eurotiomycetes,Chaetothyriales,Trichomeriaceae,Knufia,Knufia tsunedae
OTU932,Fungi,Basidiomycota,Agaricomycetes,Agaricales,Psathyrellaceae,Psathyrella,Psathyrella lyckebodensis
OTU933,Fungi,Chytridiomycota,Chytridiomycetes,Chytridiales,Chytridiaceae,,
OTU934,Fungi,,,,,,
OTU935,Fungi,,,,,,
OTU936,Fungi,Basidiomycota,Agaricomycetes,Agaricales,,,
OTU937,Fungi,Ascomycota,Sordariomycetes,Sordariales,,,
OTU804,Fungi,,,,,,
OTU805,Fungi,Mortierellomycota,Mortierellomycetes,Mortierellales,Mortierellaceae,Mortierella,Mortierella minutissima
OTU806,Fungi,Ascomycota,,,,,
OTU807,Fungi,,,,,,
OTU800,Fungi,Ascomycota,,,,,
OTU801,Fungi,Ascomycota,Eurotiomycetes,Chaetothyriales,Herpotrichiellaceae,Exophiala,Exophiala moniliae
OTU802,Fungi,Mortierellomycota,,,,,
OTU803,Fungi,,,,,,
OTU808,Fungi,Ascomycota,Sordariomycetes,Sordariales,Chaetomiaceae,Melanocarpus,Melanocarpus albomyces
OTU809,Fungi,Basidiomycota,Agaricomycetes,Agaricales,Lycoperdaceae,,
OTU1701,Fungi,Ascomycota,,,,,
OTU1700,Fungi,,,,,,
OTU1703,Fungi,,,,,,
OTU1702,Fungi,,,,,,
OTU1705,Fungi,Basidiomycota,Agaricomycetes,Agaricales,,,
OTU1704,Fungi,Ascomycota,,,,,
OTU1707,Fungi,Ascomycota,Leotiomycetes,Helotiales,Helotiaceae,Tetracladium,Tetracladium sp 
OTU1706,Fungi,Ascomycota,,,,,
OTU1709,Fungi,,,,,,
OTU1708,Fungi,Basidiomycota,Agaricomycetes,,,,
OTU1446,Fungi,,,,,,
OTU1447,Fungi,Ascomycota,,,,,
OTU1444,Fungi,Basidiomycota,Agaricomycetes,Agaricales,Pluteaceae,Volvopluteus,Volvopluteus gloiocephalus
OTU1445,Fungi,Ascomycota,Sordariomycetes,Hypocreales,Hypocreaceae,Trichoderma,Trichoderma harzianum
OTU1442,Fungi,Basidiomycota,Agaricomycetes,Agaricales,Strophariaceae,Pholiota,Pholiota brunnescens
OTU1443,Fungi,Ascomycota,Leotiomycetes,Helotiales,Myxotrichaceae,Oidiodendron,Oidiodendron rhodogenum
OTU1440,Fungi,Ascomycota,Sordariomycetes,,,,
OTU1441,Fungi,Ascomycota,Sordariomycetes,Microascales,Microascaceae,Gamsia,
OTU1448,Fungi,Mortierellomycota,Mortierellomycetes,Mortierellales,Mortierellaceae,Mortierella,
OTU1449,Fungi,Ascomycota,Eurotiomycetes,Onygenales,Chrysosporium,Chrysosporium,Chrysosporium lobatum
OTU1158,Fungi,Basidiomycota,,,,,
OTU1159,Fungi,Ascomycota,Eurotiomycetes,Eurotiales,Trichocomaceae,Sagenomella,Sagenomella sp 
OTU1150,Fungi,Basidiomycota,Agaricomycetes,Agaricales,Stephanosporaceae,,
OTU1151,Fungi,Basidiomycota,Agaricomycetes,Agaricales,Strophariaceae,Galerina,Galerina sp 
OTU1152,Fungi,Basidiomycota,Agaricomycetes,Agaricales,Typhulaceae,Typhula,
OTU1153,Fungi,,,,,,
OTU1154,Fungi,Basidiomycota,Agaricomycetes,Agaricales,Psathyrellaceae,Psathyrella,Psathyrella panaeoloides
OTU1155,Fungi,Mortierellomycota,Mortierellomycetes,Mortierellales,Mortierellaceae,Mortierella,
OTU1156,Fungi,Ascomycota,,,,,
OTU1157,Fungi,Basidiomycota,Agaricomycetes,Polyporales,Ganodermataceae,Ganoderma,
OTU83,Fungi,Basidiomycota,Agaricomycetes,Agaricales,Psathyrellaceae,Coprinellus,Coprinellus verrucispermus
OTU82,Fungi,,,,,,
OTU81,Fungi,,,,,,
OTU80,Fungi,Ascomycota,Sordariomycetes,Glomerellales,Glomerellaceae,Colletotrichum,Colletotrichum lilii
OTU87,Fungi,Ascomycota,,,,,
OTU86,Fungi,Basidiomycota,Agaricomycetes,Agaricales,Typhulaceae,Typhula,
OTU85,Fungi,Basidiomycota,Tremellomycetes,Hymenochaetales,Schizoporaceae,Hyphodontia,
OTU84,Fungi,Basidiomycota,Agaricomycetes,Trechisporales,,,
OTU89,Fungi,Basidiomycota,Agaricomycetes,Tremellodendropsidales,,,
OTU88,Fungi,Basidiomycota,Agaricomycetes,Agaricales,Marasmiaceae,Marasmius,Marasmius rotalis
OTU329,Fungi,Basidiomycota,Agaricomycetes,Agaricales,Tricholomataceae,,
OTU328,Fungi,Ascomycota,,,,,
OTU499,Fungi,,,,,,
OTU498,Fungi,Basidiomycota,Agaricomycetes,,,,
OTU325,Fungi,,,,,,
OTU324,Fungi,Ascomycota,Sordariomycetes,Hypocreales,Hypocreaceae,Trichoderma,Trichoderma stellatum
OTU327,Fungi,,,,,,
OTU326,Fungi,Basidiomycota,,,,,
OTU321,Fungi,Ascomycota,Eurotiomycetes,Eurotiales,Aspergillaceae,Penicillium,
OTU320,Fungi,Basidiomycota,Agaricomycetes,Agaricales,Psathyrellaceae,Coprinopsis,Coprinopsis strossmayeri
OTU323,Fungi,Ascomycota,Dothideomycetes,Tubeufiales,Tubeufiaceae,,
OTU322,Fungi,Ascomycota,Leotiomycetes,Helotiales,,,
OTU747,Fungi,Ascomycota,Saccharomycetes,,,,
OTU746,Fungi,Ascomycota,,,,,
OTU436,Fungi,Ascomycota,Sordariomycetes,Sordariales,Lasiosphaeriaceae,,
OTU149,Fungi,Ascomycota,Dothideomycetes,,,,
OTU148,Fungi,Ascomycota,Orbiliomycetes,Orbiliales,Orbiliaceae,,
OTU925,Fungi,Ascomycota,,,,,
OTU924,Fungi,Ascomycota,,,,,
OTU923,Fungi,Ascomycota,Sordariomycetes,,,,
OTU922,Fungi,Ascomycota,Dothideomycetes,Pleosporales,,,
OTU921,Fungi,,,,,,
OTU920,Fungi,,,,,,
OTU141,Fungi,Basidiomycota,Agaricomycetes,Polyporales,,,
OTU140,Fungi,Ascomycota,Eurotiomycetes,Chaetothyriales,Cyphellophoraceae,Cyphellophora,Cyphellophora vermispora
OTU143,Fungi,Chytridiomycota,Spizellomycetes,Spizellomycetales,Spizellomycetaceae,Spizellomyces,Spizellomyces pseudodichotomus
OTU142,Fungi,Ascomycota,Dothideomycetes,Pleosporales,Leptosphaeriaceae,Leptosphaeria,Leptosphaeria sclerotioides
OTU145,Fungi,Ascomycota,Eurotiomycetes,Chaetothyriales,,,
OTU144,Fungi,Basidiomycota,Agaricomycetes,Agaricales,Stephanosporaceae,,
OTU147,Fungi,Basidiomycota,Agaricomycetes,Agaricales,Pluteaceae,Pluteus,Pluteus multiformis
OTU928,Fungi,Chytridiomycota,,,,,
OTU745,Fungi,,,,,,
OTU1623,Fungi,Ascomycota,Sordariomycetes,Microascales,Halosphaeriaceae,Natantispora,Natantispora unipolaris
OTU1620,Fungi,,,,,,
OTU1621,Fungi,Chytridiomycota,Spizellomycetes,Spizellomycetales,Spizellomycetaceae,Spizellomyces,
OTU1626,Fungi,Ascomycota,Eurotiomycetes,Onygenales,,,
OTU1627,Fungi,Basidiomycota,Agaricomycetes,Hymenochaetales,Schizoporaceae,Xylodon,Xylodon sp 
OTU1624,Fungi,Ascomycota,Sordariomycetes,Sordariales,Chaetomiaceae,,
OTU1625,Fungi,Ascomycota,,,,,
OTU1628,Fungi,,,,,,
OTU1629,Fungi,,,,,,
OTU465,Fungi,Ascomycota,,,,,
OTU744,Fungi,Basidiomycota,Tremellomycetes,Cystofilobasidiales,Mrakiaceae,Mrakia,Mrakia frigida
OTU743,Fungi,Ascomycota,Sordariomycetes,Sordariales,Chaetomiaceae,Dichotomopilus,
OTU813,Fungi,,,,,,
OTU812,Fungi,Ascomycota,Sordariomycetes,,,,
OTU811,Fungi,Basidiomycota,Agaricomycetes,Cantharellales,Ceratobasidiaceae,Rhizoctonia,Rhizoctonia zeae
OTU810,Fungi,,,,,,
OTU817,Fungi,Ascomycota,Eurotiomycetes,Eurotiales,Trichocomaceae,Talaromyces,Talaromyces sp 
OTU816,Fungi,,,,,,
OTU815,Fungi,Basidiomycota,Agaricomycetes,Agaricales,Psathyrellaceae,Coprinellus,
OTU814,Fungi,Ascomycota,,,,,
OTU819,Fungi,Ascomycota,,,,,
OTU818,Fungi,Chytridiomycota,,,,,
OTU742,Fungi,Basidiomycota,Agaricomycetes,Tremellodendropsidales,,,
OTU1712,Fungi,Ascomycota,Pezizomycetes,Pezizales,Pyronemataceae,,
OTU1710,Fungi,,,,,,
OTU1711,Fungi,Chytridiomycota,,,,,
OTU741,Fungi,Mortierellomycota,Mortierellomycetes,Mortierellales,Mortierellaceae,Mortierella,
OTU1433,Fungi,Mortierellomycota,Mortierellomycetes,Mortierellales,Mortierellaceae,Mortierella,Mortierella sp 
OTU1432,Fungi,,,,,,
OTU1431,Fungi,Basidiomycota,Agaricomycetes,Agaricales,Entolomataceae,Entoloma,Entoloma sp 
OTU1430,Fungi,Basidiomycota,Agaricomycetes,Agaricales,Bolbitiaceae,Galerella,Galerella nigeriensis
OTU1437,Fungi,Ascomycota,,,,,
OTU1436,Fungi,Ascomycota,,,,,
OTU1435,Fungi,Ascomycota,,,,,
OTU1434,Fungi,Ascomycota,Eurotiomycetes,Chaetothyriales,Cyphellophoraceae,Cyphellophora,Cyphellophora vermispora
OTU1439,Fungi,Ascomycota,,,,,
OTU1438,Fungi,Ascomycota,,,,,
OTU222,Fungi,Ascomycota,Sordariomycetes,Coniochaetales,,,
OTU765,Fungi,,,,,,
OTU764,Fungi,Ascomycota,,,,,
OTU767,Fungi,Ascomycota,Pezizomycetes,Pezizales,Pyronemataceae,Scutellinia,
OTU766,Fungi,,,,,,
OTU1389,Fungi,,,,,,
OTU1388,Fungi,,,,,,
OTU1385,Fungi,,,,,,
OTU761,Fungi,,,,,,
OTU1387,Fungi,Chytridiomycota,,,,,
OTU1386,Fungi,,,,,,
OTU1381,Fungi,Basidiomycota,Agaricomycetes,Agaricales,Lycoperdaceae,Lycoperdon,Lycoperdon subumbrinum
OTU1380,Fungi,,,,,,
OTU1383,Fungi,Ascomycota,Dothideomycetes,Pleosporales,Pleosporaceae,Alternaria,Alternaria chlamydospora
OTU944,Fungi,,,,,,
OTU947,Fungi,Ascomycota,Eurotiomycetes,Chaetothyriales,Herpotrichiellaceae,Exophiala,Exophiala equina
OTU1549,Fungi,Basidiomycota,Agaricomycetes,Auriculariales,Exidiaceae,,
OTU1548,Fungi,Ascomycota,,,,,
OTU1547,Fungi,Ascomycota,,,,,
OTU1546,Fungi,Basidiomycota,Agaricomycetes,Agaricales,Tricholomataceae,Melanoleuca,Melanoleuca herrerae
OTU1545,Fungi,Ascomycota,,,,,
OTU762,Fungi,Ascomycota,Pezizomycetes,Pezizales,Pyronemataceae,,
OTU1543,Fungi,,,,,,
OTU1542,Fungi,Basidiomycota,Agaricomycetes,Agaricales,Agaricaceae,Battarrea,Battarrea phalloides
OTU1541,Fungi,Ascomycota,Dothideomycetes,Pleosporales,Pleosporaceae,,
OTU1540,Fungi,,,,,,
OTU668,Fungi,,,,,,
OTU1099,Fungi,,,,,,
OTU1098,Fungi,Ascomycota,,,,,
OTU1699,Fungi,,,,,,
OTU1091,Fungi,Ascomycota,,,,,
OTU1090,Fungi,Basidiomycota,Agaricomycetes,Cantharellales,Ceratobasidiaceae,,
OTU1093,Fungi,,,,,,
OTU1092,Fungi,Ascomycota,Sordariomycetes,Sordariales,,,
OTU1095,Fungi,Chytridiomycota,Rhizophlyctidomycetes,Rhizophlyctidales,Rhizophlyctidaceae,Rhizophlyctis,Rhizophlyctis rosea
OTU1094,Fungi,,,,,,
OTU1097,Fungi,Basidiomycota,Agaricomycetes,Agaricales,Psathyrellaceae,Psathyrella,
OTU1096,Fungi,Basidiomycota,Agaricomycetes,Agaricales,Bolbitiaceae,Bolbitius,Bolbitius titubans
OTU495,Fungi,Basidiomycota,Agaricomycetes,Agaricales,Pterulaceae,,
OTU1165,Fungi,Ascomycota,Eurotiomycetes,Eurotiales,,,
OTU1164,Fungi,Basidiomycota,Agaricomycetes,,,,
OTU1167,Fungi,,,,,,
OTU1166,Fungi,Basidiomycota,Agaricomycetes,Agaricales,Bolbitiaceae,Agrocybe,Agrocybe smithii
OTU1161,Fungi,,,,,,
OTU1160,Fungi,Ascomycota,,,,,
OTU1163,Fungi,Ascomycota,Eurotiomycetes,,,,
OTU1162,Fungi,Ascomycota,Eurotiomycetes,Chaetothyriales,Herpotrichiellaceae,Exophiala,Exophiala sp 
OTU1169,Fungi,Basidiomycota,Agaricomycetes,Agaricales,Agaricaceae,Tulostoma,Tulostoma kotlabae
OTU1168,Fungi,,,,,,
OTU1367,Fungi,Ascomycota,,,,,
OTU1366,Fungi,,,,,,
OTU1365,Fungi,,,,,,
OTU1364,Fungi,Ascomycota,Lecanoromycetes,,,,
OTU1363,Fungi,,,,,,
OTU1362,Fungi,Ascomycota,Sordariomycetes,Sordariales,Chaetomiaceae,Humicola,Humicola nigrescens
OTU1361,Fungi,Glomeromycota,Glomeromycetes,Glomerales,,,
OTU1360,Fungi,Ascomycota,,,,,
OTU1369,Fungi,Ascomycota,,,,,
OTU1368,Fungi,,,,,,
OTU493,Fungi,Basidiomycota,Agaricomycetes,,,,
OTU1292,Fungi,Basidiomycota,Agaricomycetes,Agaricales,Agaricaceae,Agaricus,Agaricus bisporus
OTU98,Fungi,,,,,,
OTU99,Fungi,,,,,,
OTU94,Fungi,Kickxellomycota,Kickxellomycetes,Kickxellales,Kickxellaceae,Ramicandelaber,Ramicandelaber longisporus
OTU95,Fungi,Ascomycota,Sordariomycetes,Sordariales,Sordariaceae,,
OTU96,Fungi,Mortierellomycota,Mortierellomycetes,Mortierellales,Mortierellaceae,Mortierella,Mortierella sp 
OTU97,Fungi,Kickxellomycota,Kickxellomycetes,Kickxellales,Kickxellaceae,Ramicandelaber,Ramicandelaber longisporus
OTU90,Fungi,Ascomycota,Leotiomycetes,Helotiales,,,
OTU91,Fungi,Basidiomycota,Agaricomycetes,Agaricales,Bolbitiaceae,Conocybe,Conocybe siennophylla
OTU92,Fungi,Basidiomycota,Agaricomycetes,Trechisporales,,,
OTU93,Fungi,Ascomycota,Sordariomycetes,Sordariales,Lasiosphaeriaceae,,
OTU318,Fungi,Ascomycota,Orbiliomycetes,Orbiliales,,,
OTU319,Fungi,Mortierellomycota,Mortierellomycetes,Mortierellales,Mortierellaceae,Mortierella,Mortierella angusta
OTU310,Fungi,,,,,,
OTU311,Fungi,Basidiomycota,Agaricomycetes,Agaricales,Bolbitiaceae,Conocybe,Conocybe rostellata
OTU312,Fungi,Basidiomycota,Agaricomycetes,Agaricales,Strophariaceae,Stropharia,
OTU313,Fungi,Basidiomycota,Agaricomycetes,Agaricales,Pluteaceae,Volvariella,
OTU314,Fungi,Ascomycota,Dothideomycetes,Venturiales,Sympoventuriaceae,Scolecobasidium,
OTU315,Fungi,Ascomycota,Saccharomycetes,Saccharomycetales,Incertae_sedis,Candida,Candida railenensis
OTU316,Fungi,,,,,,
OTU317,Fungi,Ascomycota,,,,,
OTU798,Fungi,Ascomycota,Saccharomycetes,Saccharomycetales,Saccharomycopsidaceae,Saccharomycopsis,Saccharomycopsis schoenii
OTU799,Fungi,Basidiomycota,Agaricomycetes,Agaricales,Omphalotaceae,Omphalotus,Omphalotus illudens
OTU794,Fungi,Ascomycota,,,,,
OTU795,Fungi,Ascomycota,Eurotiomycetes,Onygenales,Gymnoascaceae,Testudomyces,Testudomyces verrucosus
OTU796,Fungi,,,,,,
OTU797,Fungi,Ascomycota,Eurotiomycetes,Chaetothyriales,,,
OTU790,Fungi,,,,,,
OTU791,Fungi,Ascomycota,,,,,
OTU792,Fungi,Ascomycota,Eurotiomycetes,Eurotiales,Aspergillaceae,Penicillium,Penicillium sp 
OTU793,Fungi,Ascomycota,,,,,
OTU558,Fungi,,,,,,
OTU559,Fungi,Ascomycota,Sordariomycetes,Hypocreales,Trichothecium,,
OTU556,Fungi,,,,,,
OTU557,Fungi,,,,,,
OTU554,Fungi,,,,,,
OTU555,Fungi,Basidiomycota,Agaricomycetes,Agaricales,Nidulariaceae,Cyathus,Cyathus olla
OTU552,Fungi,,,,,,
OTU553,Fungi,Ascomycota,Sordariomycetes,Microascales,Microascaceae,Acaulium,Acaulium caviariforme
OTU550,Fungi,,,,,,
OTU551,Fungi,Basidiomycota,Agaricomycetes,Atheliales,Atheliaceae,Piloderma,Piloderma olivaceum
OTU952,Fungi,Ascomycota,,,,,
OTU777,Fungi,Ascomycota,,,,,
OTU950,Fungi,Rozellomycota,,,,,
OTU951,Fungi,,,,,,
OTU772,Fungi,Ascomycota,Sordariomycetes,Coniochaetales,,,
OTU773,Fungi,Ascomycota,Leotiomycetes,Helotiales,Incertae_sedis,Cadophora,Cadophora sp 
OTU954,Fungi,Ascomycota,,,,,
OTU955,Fungi,Ascomycota,,,,,
OTU958,Fungi,Ascomycota,,,,,
OTU959,Fungi,Ascomycota,,,,,
OTU778,Fungi,,,,,,
OTU779,Fungi,Ascomycota,,,,,
OTU759,Fungi,Ascomycota,Eurotiomycetes,Chaetothyriales,,,
OTU174,Fungi,Chytridiomycota,,,,,
OTU175,Fungi,Basidiomycota,Agaricomycetes,Cantharellales,Ceratobasidiaceae,,
OTU176,Fungi,Chytridiomycota,,,,,
OTU177,Fungi,Ascomycota,,,,,
OTU170,Fungi,Ascomycota,Dothideomycetes,Pleosporales,,,
OTU171,Fungi,,,,,,
OTU172,Fungi,Ascomycota,,,,,
OTU173,Fungi,Ascomycota,Sordariomycetes,,,,
OTU178,Fungi,Ascomycota,Eurotiomycetes,Eurotiales,Trichocomaceae,Talaromyces,Talaromyces rugulosus
OTU179,Fungi,Basidiomycota,Agaricomycetes,Agaricales,Psathyrellaceae,Psathyrella,
OTU1420,Fungi,,,,,,
OTU1421,Fungi,Ascomycota,Eurotiomycetes,Eurotiales,Trichocomaceae,Talaromyces,
OTU1422,Fungi,Rozellomycota,,,,,
OTU1423,Fungi,Ascomycota,,,,,
OTU1424,Fungi,,,,,,
OTU1425,Fungi,Ascomycota,Sordariomycetes,Hypocreales,Hypocreaceae,Trichoderma,Trichoderma turrialbense
OTU1426,Fungi,,,,,,
OTU1427,Fungi,Ascomycota,,,,,
OTU1428,Fungi,Ascomycota,Leotiomycetes,Helotiales,Helotiaceae,Tetracladium,Tetracladium sp 
OTU1429,Fungi,Ascomycota,Sordariomycetes,Sordariales,Chaetomiaceae,Chaetomium,
OTU1398,Fungi,Basidiomycota,Agaricomycetes,Agaricales,,,
OTU1399,Fungi,,,,,,
OTU1392,Fungi,,,,,,
OTU1393,Fungi,Ascomycota,Sordariomycetes,Microascales,Halosphaeriaceae,,
OTU1390,Fungi,Ascomycota,,,,,
OTU1391,Fungi,Basidiomycota,Agaricomycetes,Agaricales,Cortinariaceae,Hemistropharia,Hemistropharia albocrenulata
OTU1396,Fungi,,,,,,
OTU1397,Fungi,,,,,,
OTU1394,Fungi,Basidiomycota,Agaricomycetes,Thelephorales,Thelephoraceae,Tomentella,Tomentella sp 
OTU1395,Fungi,Ascomycota,Eurotiomycetes,,,,
OTU1558,Fungi,Ascomycota,Sordariomycetes,Hypocreales,Nectriaceae,Fusarium,
OTU1559,Fungi,Ascomycota,,,,,
OTU1554,Fungi,Ascomycota,Sordariomycetes,Sordariales,Chaetomiaceae,,
OTU1555,Fungi,,,,,,
OTU1556,Fungi,,,,,,
OTU1557,Fungi,,,,,,
OTU1550,Fungi,,,,,,
OTU1551,Fungi,Ascomycota,,,,,
OTU1552,Fungi,Basidiomycota,Agaricomycetes,Boletales,Melanogastraceae,Melanogaster,
OTU1553,Fungi,Basidiomycota,Agaricomycetes,Agaricales,Inocybaceae,Inocybe,Inocybe adaequata
OTU1086,Fungi,Basidiomycota,,,,,
OTU1087,Fungi,Ascomycota,Leotiomycetes,Thelebolales,Thelebolaceae,Thelebolus,Thelebolus globosus
OTU1084,Fungi,Ascomycota,Sordariomycetes,Hypocreales,Hypocreaceae,Trichoderma,Trichoderma spirale
OTU1085,Fungi,Ascomycota,Orbiliomycetes,Orbiliales,Orbiliaceae,Duddingtonia,Duddingtonia flagrans
OTU1082,Fungi,Chytridiomycota,Spizellomycetes,Spizellomycetales,,,
OTU1083,Fungi,,,,,,
OTU1080,Fungi,Ascomycota,Leotiomycetes,Thelebolales,Thelebolaceae,Thelebolus,Thelebolus globosus
OTU1081,Fungi,Ascomycota,Pezizomycetes,Pezizales,Pezizaceae,,
OTU1088,Fungi,,,,,,
OTU1089,Fungi,Ascomycota,Dothideomycetes,Pleosporales,Didymosphaeriaceae,Paraphaeosphaeria,Paraphaeosphaeria michotii
OTU1172,Fungi,Glomeromycota,Glomeromycetes,Glomerales,Glomeraceae,,
OTU1173,Fungi,,,,,,
OTU1170,Fungi,Ascomycota,Eurotiomycetes,Chaetothyriales,Herpotrichiellaceae,Exophiala,
OTU1171,Fungi,Basidiomycota,Agaricomycetes,Russulales,Albatrellaceae,Albatrellus,Albatrellus peckianus
OTU1176,Fungi,,,,,,
OTU1177,Fungi,Basidiomycota,Agaricomycetes,Agaricales,Agaricaceae,Agaricus,
OTU1174,Fungi,Ascomycota,Eurotiomycetes,Chaetothyriales,,,
OTU1175,Fungi,,,,,,
OTU1178,Fungi,Ascomycota,Sordariomycetes,Glomerellales,Plectosphaerellaceae,,
OTU1179,Fungi,Basidiomycota,Agaricomycetes,Agaricales,Hymenogastraceae,Hebeloma,Hebeloma brunneifolium
OTU1374,Fungi,Ascomycota,,,,,
OTU1375,Fungi,Mortierellomycota,Mortierellomycetes,Mortierellales,Mortierellaceae,Mortierella,Mortierella elongata
OTU1376,Fungi,Ascomycota,,,,,
OTU1377,Fungi,Ascomycota,Sordariomycetes,Hypocreales,,,
OTU1370,Fungi,Mortierellomycota,Mortierellomycetes,Mortierellales,Mortierellaceae,Mortierella,
OTU1371,Fungi,Ascomycota,Sordariomycetes,Hypocreales,,,
OTU1372,Fungi,Basidiomycota,Agaricomycetes,Agaricales,Agaricaceae,Agaricus,Agaricus campestris
OTU1373,Fungi,Basidiomycota,Agaricomycetes,Agaricales,Bolbitiaceae,Conocybe,Conocybe deliquescens
OTU1378,Fungi,Ascomycota,Dothideomycetes,Pleosporales,,,
OTU1379,Fungi,Ascomycota,Orbiliomycetes,Orbiliales,Orbiliaceae,,
OTU789,Fungi,,,,,,
OTU788,Fungi,,,,,,
OTU783,Fungi,Ascomycota,Sordariomycetes,Xylariales,Diatrypaceae,Monosporascus,Monosporascus sp 
OTU782,Fungi,,,,,,
OTU781,Fungi,Basidiomycota,Agaricomycetes,Boletales,Boletaceae,Royoungia,Royoungia boletoides
OTU780,Fungi,Ascomycota,,,,,
OTU787,Fungi,,,,,,
OTU786,Fungi,Chytridiomycota,Spizellomycetes,Spizellomycetales,Spizellomycetaceae,Kochiomyces,Kochiomyces sp 
OTU785,Fungi,Ascomycota,Eurotiomycetes,Chaetothyriales,Herpotrichiellaceae,Veronaea,Veronaea japonica
OTU784,Fungi,Basidiomycota,Agaricomycetes,Trechisporales,,,
OTU497,Fungi,,,,,,
OTU549,Fungi,Basidiomycota,Agaricomycetes,,,,
OTU548,Fungi,Basidiomycota,Agaricomycetes,Cantharellales,Ceratobasidiaceae,,
OTU496,Fungi,Ascomycota,Orbiliomycetes,Orbiliales,,,
OTU545,Fungi,Basidiomycota,Agaricomycetes,Agaricales,Typhulaceae,Typhula,Typhula sp 
OTU544,Fungi,Ascomycota,Saccharomycetes,Saccharomycetales,,,
OTU547,Fungi,,,,,,
OTU546,Fungi,Ascomycota,Pezizomycetes,Pezizales,Pezizaceae,,
OTU541,Fungi,Ascomycota,Sordariomycetes,Coniochaetales,Coniochaetaceae,,
OTU540,Fungi,,,,,,
OTU543,Fungi,,,,,,
OTU542,Fungi,Chytridiomycota,Rhizophlyctidomycetes,Rhizophlyctidales,Sonoraphlyctidaceae,Sonoraphlyctis,
OTU941,Fungi,,,,,,
OTU940,Fungi,Ascomycota,,,,,
OTU943,Fungi,Ascomycota,Dothideomycetes,Venturiales,Sympoventuriaceae,Scolecobasidium,Scolecobasidium sp 
OTU942,Fungi,Ascomycota,,,,,
OTU945,Fungi,,,,,,
OTU760,Fungi,Chytridiomycota,,,,,
OTU763,Fungi,Ascomycota,,,,,
OTU946,Fungi,,,,,,
OTU949,Fungi,,,,,,
OTU948,Fungi,Ascomycota,,,,,
OTU769,Fungi,Basidiomycota,Agaricomycetes,Agaricales,Psathyrellaceae,Coprinopsis,Coprinopsis udicola
OTU768,Fungi,Ascomycota,Dothideomycetes,Pleosporales,Leptosphaeriaceae,Leptosphaeria,
OTU492,Fungi,Ascomycota,Eurotiomycetes,Onygenales,Incertae_sedis,Chrysosporium,Chrysosporium lobatum
OTU491,Fungi,Basidiomycota,Agaricomycetes,Agaricales,Tricholomataceae,Tricholoma,Tricholoma terreum
OTU490,Fungi,,,,,,
OTU307,Fungi,Ascomycota,Dothideomycetes,Venturiales,Sympoventuriaceae,,
OTU306,Fungi,Basidiomycota,Agaricomycetes,Agaricales,,,
OTU305,Fungi,Basidiomycota,Agaricomycetes,Agaricales,Bolbitiaceae,Pholiotina,Pholiotina cyanopus
OTU304,Fungi,Basidiomycota,Agaricomycetes,Agaricales,,,
OTU303,Fungi,Ascomycota,,,,,
OTU302,Fungi,Basidiomycota,Agaricomycetes,Agaricales,Psathyrellaceae,Psathyrella,Psathyrella orbitarum
OTU301,Fungi,Basidiomycota,Agaricomycetes,Corticiales,Corticiaceae,Limonomyces,Limonomyces sp 
OTU300,Fungi,Basidiomycota,Agaricomycetes,Russulales,Peniophoraceae,,
OTU714,Fungi,Basidiomycota,Agaricomycetes,Agaricales,Psathyrellaceae,Coprinopsis,Coprinopsis atramentaria
OTU309,Fungi,Ascomycota,Sordariomycetes,,,,
OTU308,Fungi,Ascomycota,Saccharomycetes,Saccharomycetales,Phaffomycetaceae,Cyberlindnera,Cyberlindnera sp 
OTU715,Fungi,Ascomycota,Dothideomycetes,Pleosporales,Pleosporaceae,Curvularia,Curvularia trifolii
OTU163,Fungi,Ascomycota,,,,,
OTU162,Fungi,,,,,,
OTU161,Fungi,Basidiomycota,Agaricomycetes,Agaricales,Tricholomataceae,,
OTU160,Fungi,Ascomycota,,,,,
OTU167,Fungi,Ascomycota,Sordariomycetes,Hypocreales,Hypocreaceae,Trichoderma,Trichoderma piluliferum
OTU166,Fungi,Ascomycota,Orbiliomycetes,Orbiliales,Orbiliaceae,Arthrobotrys,Arthrobotrys xiangyunensis
OTU165,Fungi,Basidiomycota,Agaricomycetes,Agaricales,Pluteaceae,Volvopluteus,Volvopluteus earlei
OTU164,Fungi,,,,,,
OTU169,Fungi,Mortierellomycota,Mortierellomycetes,Mortierellales,,,
OTU168,Fungi,Ascomycota,,,,,
OTU1419,Fungi,Ascomycota,Sordariomycetes,Hypocreales,Stachybotryaceae,Stachybotrys,Stachybotrys microspora
OTU1418,Fungi,Ascomycota,Sordariomycetes,Glomerellales,Plectosphaerellaceae,Verticillium,Verticillium dahliae
OTU717,Fungi,Ascomycota,,,,,
OTU1415,Fungi,Basidiomycota,Agaricomycetes,Agaricales,Bolbitiaceae,,
OTU1414,Fungi,Ascomycota,,,,,
OTU1417,Fungi,Basidiomycota,Agaricomycetes,Agaricales,,,
OTU1416,Fungi,,,,,,
OTU1411,Fungi,Ascomycota,,,,,
OTU1410,Fungi,,,,,,
OTU1413,Fungi,Basidiomycota,Agaricomycetes,Cantharellales,Incertae_sedis,Minimedusa,Minimedusa polyspora
OTU1412,Fungi,Ascomycota,Eurotiomycetes,,,,